	tSNE_1	tSNE_2	cluster	Gene_Counts
AAACATCGAAACATCGCCTCTATC	-13.1150791041957	-16.3938413442029	1	2227
AAACATCGACACGACCAATGTTGC	28.0785962059218	-10.812386903329	6	897
AAACATCGACATTGGCGGAGAACA	11.2984740912457	-8.47268256708637	2	985
AAACATCGACGTATCAAGAGTCAA	-17.2405509512317	-9.58486363185642	1	2454
AAACATCGATGCCTAAAGTCACTA	-6.31233865949297	15.6323557309553	4	1384
AAACATCGCAAGGAGCCATCAAGT	5.23383980122655	26.6677560190516	5	3110
AAACATCGTCTTCACAGATGAATC	4.67926639873948	2.67968154906812	3	3830
AACAACCAACGCTCGACGCATACA	3.56775793726971	10.6242834013923	3	3119
AACAACCAAGAGTCAACGCATACA	-1.27140075831835	14.3708453898943	4	3068
AACAACCAAGATCGCATTCACGCA	-8.2165066500533	-16.715970795182	1	3041
AACAACCACACCTTACACAGATTC	-1.78755923914277	18.4592509014381	4	1835
AACAACCACTAAGGTCCAACCACA	8.61789953338761	0.640176918880361	2	4068
AACAACCAGACAGTGCAAGACGGA	6.4502673170026	-4.22557740344086	2	913
AACAACCAGCCAAGACACCTCCAA	12.9826121653603	-8.23546412613807	2	893
AACAACCAGTGTTCTAAAGGTACA	7.73937202268685	-2.93872650211085	2	951
AACAACCAGTGTTCTACGAACTTA	10.375837666538	3.72562821968226	3	818
AACAACCATAGGATGAACGTATCA	-16.2846571484247	-0.761078156320319	1	1382
AACAACCATCTTCACAACAGCAGA	1.01258311137313	17.2603825254685	4	2230
AACCGAGAAATGTTGCCGACTGGA	29.6783283458589	-11.1905492609562	6	836
AACCGAGAACCACTGTAACTCACC	1.01902303373877	14.1217041292661	4	2996
AACCGAGAAGGCTAACACCTCCAA	-13.6096296034045	-3.1507243762566	1	1357
AACCGAGAAGTGGTCACAGCGTTA	6.44001300136978	6.34207028253749	3	3612
AACCGAGAATCCTGTAAAGGTACA	-21.1574918029412	-9.25331588627467	1	1812
AACCGAGACCAGTTCACCGAAGTA	-5.26010431924458	17.3488685154991	4	1625
AACCGAGACGCTGATCCAACCACA	-17.1012486711319	-15.996373446498	1	2553
AACCGAGAGCCACATACGACACAC	-15.925780365446	-7.81716203883141	1	2160
AACCGAGAGCTAACGAAGAGTCAA	-11.3008469862259	-16.2136294543976	1	2681
AACCGAGATAGGATGATGGCTTCA	29.5017488944328	-9.62487439602766	6	953
AACGCTTAACGTATCAAGATGTAC	1.22419326616605	12.5499175494073	3	3224
AACGCTTAATTGGCTCCCATCCTC	12.2234006100815	-7.59862463862547	2	901
AACGCTTACCAGTTCACATACCAA	-17.0712011266687	-4.07496758883226	1	1810
AACGCTTACCGAAGTAAACAACCA	-12.0831737273289	2.35463674704478	1	2254
AACGCTTACGAACTTAGACTAGTA	30.9579186507684	-9.49342293919235	6	961
AACGCTTACGCTGATCTGGTGGTA	0.397995869518276	28.4009933560858	5	2110
AACGCTTAGAATCTGAAACGTGAT	-5.29710264193351	17.2065107143714	4	1694
AACGTGATAAGGTACACATACCAA	4.94770567664614	27.8552154583715	5	3288
AACGTGATACACGACCCATCAAGT	10.3176679940668	3.7265058963953	3	755
AACGTGATAGATCGCAACATTGGC	-17.8255971021218	-5.00569883846154	1	1719
AACGTGATAGATCGCACGGATTGC	-17.4475236420199	-14.3138127465097	1	2195
AACGTGATCATCAAGTGATGAATC	0.125168329898303	10.1129978453753	3	3298
AACGTGATCCTAATCCAATGTTGC	-15.4380643051604	-7.13914087231708	1	2003
AACGTGATCGCTGATCTTCACGCA	9.76932798781556	16.5805143502764	3	3447
AACGTGATGCTAACGAACCTCCAA	-20.9669242186561	-3.56141638249471	1	1576
AACTCACCAAGGACACGACAGTGC	-12.7049157968289	-12.2991849363509	1	1657
AACTCACCACCTCCAAGATAGACA	-1.08111498332646	12.3124582808381	4	2665
AACTCACCAGTACAAGCAGCGTTA	-22.5571107304954	-2.28666482907896	1	1912
AACTCACCATTGAGGACTGGCATA	4.19172682990093	1.50445535614674	3	4189
AACTCACCCAACCACACGACACAC	-4.60354646017306	14.8304205399516	4	2375
AACTCACCCCATCCTCAACCGAGA	8.75990398813618	-3.82545615578804	2	830
AACTCACCGCCACATAAGAGTCAA	5.29137712420007	1.94806328650482	3	4005
AACTCACCGCTAACGAACCTCCAA	0.954388468431994	16.9795334069219	4	2480
AACTCACCGGAGAACAACAGATTC	5.811590971405	-8.81368095276453	2	912
AACTCACCGGTGCGAAATAGCGAC	0.611253721097027	9.17485661002289	3	3299
AACTCACCTATCAGCAAGCAGGAA	-13.0642756906143	-18.7867421271498	1	2669
AACTCACCTTCACGCAGCCACATA	-19.695510245662	-2.33322116785016	1	1720
AAGACGGAAACCGAGACAATGGAA	-13.5202069241765	-4.27397544732294	1	1491
AAGACGGAAAGAGATCCACTTCGA	5.3466723516831	22.7874229087508	3	3429
AAGACGGAACACGACCGATGAATC	-20.0560955849736	-6.64047390399528	1	1865
AAGACGGAAGGCTAACACAAGCTA	-17.438615171991	-17.4328018060776	1	1701
AAGACGGACAAGGAGCAGGCTAAC	7.66659903965793	-6.26382654649084	2	936
AAGACGGACAGCGTTAAATGTTGC	-1.3095329386219	25.5884436093728	5	2354
AAGACGGACCAGTTCACTAAGGTC	14.7688300437956	-7.89922271141261	2	904
AAGACGGACGCATACACCAGTTCA	11.3716366576556	-6.26800952060566	2	950
AAGACGGAGACTAGTAAGCACCTC	0.838401665631338	27.9427872732837	5	2582
AAGACGGAGCTCGGTAACGTATCA	-6.57789186644453	-7.08323984338188	1	1648
AAGACGGATCCGTCTACCGAAGTA	-14.9931973180542	-6.41632561115764	1	1790
AAGACGGATGGCTTCAATCCTGTA	-1.39272188271405	11.0935704469438	4	2826
AAGAGATCAATGTTGCGCTCGGTA	-12.9967366530702	-3.66988965264286	1	1354
AAGAGATCACCTCCAAGTGTTCTA	-13.0594277243401	-5.64906356448387	1	1629
AAGAGATCACGTATCAACAAGCTA	4.4478198026728	25.5174729440616	5	3092
AAGAGATCACGTATCAGATGAATC	-11.4054935950122	-17.0223271487135	1	2712
AAGAGATCAGAGTCAATGGAACAA	-11.8000811244118	-3.81810992179667	1	1311
AAGAGATCCACCTTACCACCTTAC	7.82637015466098	-22.0686003860382	7	1161
AAGAGATCGTGTTCTAGTCTGTCA	-19.7079633763748	-4.41232953520148	1	1617
AAGGACACAATCCGTCGCCAAGAC	-13.4673989977412	-6.42879263079832	1	1179
AAGGACACACCACTGTCAATGGAA	-2.35962045372595	15.6758167925231	4	2587
AAGGACACATAGCGACACCACTGT	-9.62533259889049	-9.38780370040296	1	1446
AAGGACACCATCAAGTAGGCTAAC	8.31678967093938	17.7160769688522	3	1129
AAGGACACCTGAGCCAGAACAGGC	9.84465827422082	-10.3141030182618	2	896
AAGGACACGCTCGGTAGAGCTGAA	-15.0187699368763	-12.0665073030065	1	2053
AAGGACACTGAAGAGAAAGGTACA	18.7995822975993	-7.71338306333155	2	1068
AAGGTACAAAGGTACAAGCACCTC	-9.24953237146966	14.7231656245268	4	901
AAGGTACACATACCAAAACGCTTA	9.70132876718045	-5.8091830335674	2	884
AAGGTACACCAGTTCAGCCAAGAC	-0.122156907162906	28.3289830317926	5	2360
AAGGTACACCTAATCCACCACTGT	0.287403111039441	25.9333821317925	5	1854
AAGGTACACGAACTTACATACCAA	-13.3709188135448	-11.4551253061047	1	2207
AAGGTACACGACTGGACGACACAC	16.2703576085141	-3.70423403701526	2	914
AAGGTACAGAACAGGCGTCGTAGA	22.0048817289504	-6.73286984603054	2	906
AAGGTACAGCCACATAATTGGCTC	2.8180445959133	21.0016134275978	3	2729
AAGGTACAGCTCGGTAAAACATCG	-6.5775451617632	-10.7559005981319	1	2203
AAGGTACATTCACGCACCTCCTGA	18.2553388811264	-5.65894208010397	2	1135
AATCCGTCACACGACCATCATTCC	-3.00699781972374	14.7683322467244	4	2402
AATCCGTCACGTATCAACATTGGC	-17.4753503149825	-5.92383456631233	1	1510
AATCCGTCAGCCATGCAGAGTCAA	27.2110715301862	-9.68009904274176	6	1002
AATCCGTCCCAGTTCACTAAGGTC	0.487223424895981	11.0427270443585	3	3295
AATCCGTCGCCACATACCGTGAGA	-11.7705246528739	-3.11457324686686	1	1057
AATCCGTCGCTAACGAACAGATTC	12.9057326529273	1.90291846013987	2	1097
AATCCGTCGTCTGTCACCGAAGTA	4.76445222502647	4.49220985295531	3	3791
AATCCGTCGTGTTCTAACACAGAA	7.47085827220088	11.0782464680374	3	3782
AATCCGTCTATCAGCAACGCTCGA	-20.1953792554567	-5.23828496916342	1	2058
AATCCGTCTGGCTTCAAACTCACC	22.2308898196094	-6.7733420691616	6	1111
AATGTTGCACGCTCGAGCGAGTAA	-13.8386208536633	-7.76776451629663	1	1615
AATGTTGCCAATGGAACAACCACA	9.43195853743464	-0.285837760994639	2	3966
AATGTTGCCATCAAGTGCCAAGAC	15.9758530005994	7.58783768425184	3	296
AATGTTGCCGACTGGAATAGCGAC	-21.187403603265	-10.4560593087366	1	1584
AATGTTGCTCTTCACACAAGACTA	9.22700859330373	-6.38449645387554	2	779
AATGTTGCTGGTGGTAAGCACCTC	-11.4753841103329	-17.5645572564445	1	2810
ACAAGCTAAAGGACACCATCAAGT	7.65682370394604	-5.1561436129816	2	907
ACAAGCTAAATCCGTCATTGAGGA	3.39406026879369	11.8238617971625	3	3316
ACAAGCTAACACAGAATAGGATGA	-20.1030626082657	0.191282445587558	1	2464
ACAAGCTAACGTATCACAGCGTTA	3.19334278571273	27.1333874950285	5	3017
ACAAGCTAAGAGTCAAGGTGCGAA	-1.67928259987061	17.7957215740668	4	2354
ACAAGCTAAGCACCTCAAGAGATC	-11.073133025282	-5.74831880420701	1	1478
ACAAGCTAAGTACAAGAGATGTAC	5.88988983186366	27.619937164517	5	2704
ACAAGCTAAGTACAAGATAGCGAC	12.2528612598019	-8.19863899869409	2	890
ACAAGCTAATAGCGACTGGAACAA	26.8938670883375	-10.787495490518	6	842
ACAAGCTACATCAAGTAAACATCG	-14.6846526573446	-10.1034578712043	1	1886
ACAAGCTACCGAAGTAGTCGTAGA	17.8212739994838	-8.07052669431968	2	1008
ACAAGCTACCTCTATCAGCAGGAA	-4.01362230566856	10.7447967567555	4	3028
ACAAGCTACCTCTATCCACCTTAC	1.663556277781	6.35310222593545	3	3504
ACAAGCTACGGATTGCAACTCACC	13.5650615671779	-5.56642629384392	2	1024
ACAAGCTACGGATTGCGGAGAACA	-15.7351177710026	-14.0310763751442	1	2088
ACAAGCTAGCTCGGTAAGATCGCA	28.578536312687	-8.93186814839327	6	869
ACAAGCTAGGAGAACAATCCTGTA	-13.8859798180643	-18.5987589524517	1	2275
ACAAGCTATATCAGCATCCGTCTA	2.92656599105197	8.94841122104182	3	3291
ACAAGCTATCCGTCTAGTCGTAGA	-13.8439684868988	-8.70646813569755	1	2183
ACACAGAAACCACTGTGAACAGGC	11.3714324774311	-10.7629140002917	2	853
ACACAGAAAGCCATGCCTGTAGCC	7.89333655796381	12.3601746469952	3	3203
ACACAGAAAGGCTAACAGATCGCA	-7.36014434616373	15.7186773065005	4	1301
ACACAGAAAGTGGTCAAGATGTAC	-22.4703594797081	-3.30847865900683	1	2129
ACACAGAAATCCTGTACAAGACTA	0.174344865775207	10.3549770294161	4	3250
ACACAGAACAGCGTTAGCCAAGAC	8.26139068073178	4.79965029794653	3	955
ACACAGAAGCGAGTAAATCATTCC	10.4572302460941	-4.8239513931353	2	1035
ACACGACCACACAGAACCTAATCC	-14.5708847848362	-5.31508673801876	1	1674
ACACGACCACACGACCGCTCGGTA	10.7684635149725	-11.1858211542582	2	1138
ACACGACCACGCTCGAAATGTTGC	3.50286532468213	26.1960542544819	5	2687
ACACGACCATGCCTAAACCTCCAA	1.45856827010124	1.14791256315615	3	775
ACACGACCATTGAGGAACGTATCA	-14.8398806496267	-7.3024216524239	1	1972
ACACGACCCACTTCGACCGTGAGA	-15.582880532202	1.29230804860334	1	1894
ACACGACCCATCAAGTAGTACAAG	-14.8978915875252	-2.13334127632812	1	1174
ACACGACCCCGAAGTAAACCGAGA	-3.05669513394724	16.0276800296966	4	2394
ACACGACCCCGTGAGACCTCCTGA	5.063582371693	1.53982899851441	3	4145
ACACGACCCGAACTTAAAGGTACA	8.76951646163626	-5.82881189461293	2	904
ACACGACCCTGAGCCACCGTGAGA	-10.2401881510035	-14.2553427640525	1	2510
ACACGACCGTGTTCTAGCCAAGAC	11.4270573273843	-10.9065924633647	2	846
ACACGACCTCCGTCTAGTGTTCTA	11.0173321012029	-8.73181995625919	2	821
ACAGATTCAACTCACCCCGACAAC	-6.6825954277868	-12.2016554483586	1	2345
ACAGATTCACAAGCTACTGTAGCC	-22.9959566504288	-7.40375957055664	1	1386
ACAGATTCACATTGGCTGGTGGTA	-14.9623972469215	-14.5317479526082	1	2196
ACAGATTCACCACTGTTAGGATGA	4.30118740306063	12.3480063796425	3	3089
ACAGATTCCAAGACTACGACTGGA	-7.40794549841659	15.617533430424	4	1002
ACAGATTCCATCAAGTATCCTGTA	-15.2081482975971	1.09659345376592	1	1744
ACAGATTCCGAACTTAGAATCTGA	-6.04961710601514	-13.3331417201146	1	2294
ACAGATTCGAATCTGACTGGCATA	29.0168386736381	-9.52492152015427	6	1040
ACAGATTCGATAGACATATCAGCA	-15.9165962116478	-15.0027390757164	1	2015
ACAGATTCTCCGTCTACAATGGAA	8.73201607333572	-2.26218207544197	2	951
ACAGCAGAAAGGTACAGAGCTGAA	-15.6395297117079	1.172952325855	1	1533
ACAGCAGAACCTCCAAAGAGTCAA	12.6787660268182	-5.13560312293286	2	873
ACAGCAGAACGTATCATTCACGCA	-22.0349960073118	-10.562310982293	1	1874
ACAGCAGAAGCACCTCATCCTGTA	6.65443340132112	-6.92163040971124	2	920
ACAGCAGAATTGAGGACAATGGAA	-9.5256028176755	-9.35582012781495	1	1540
ACAGCAGACAACCACAAGCACCTC	8.10017588466791	-22.0855102571304	7	1155
ACAGCAGACGCTGATCACAGCAGA	-17.7721493569147	-7.02222078910247	1	1631
ACAGCAGACTAAGGTCAATGTTGC	-16.7969313245721	-9.29154344869944	1	2223
ACATTGGCAAGAGATCAACGTGAT	1.10446845613577	26.9754426111549	5	2062
ACATTGGCACAGATTCAATCCGTC	-22.453400094879	-2.10346815550597	1	1932
ACATTGGCACAGCAGAGTGTTCTA	17.4521739763408	-6.65029442352526	2	942
ACATTGGCAGATCGCAGCCAAGAC	-1.18459894166729	12.9497623102768	4	2989
ACATTGGCATTGGCTCGGTGCGAA	-18.6574979979745	-13.4610735565892	1	1418
ACATTGGCCATACCAAGAACAGGC	-10.9215570010106	-3.23784777982989	1	1060
ACATTGGCCCGACAACCATACCAA	3.5475324204442	6.33771045122574	3	3497
ACATTGGCCCGACAACCGGATTGC	-10.6155748650183	-10.1555038812945	1	1811
ACATTGGCCGCATACAGTCTGTCA	-8.96384894549399	-15.8236700936814	1	2684
ACATTGGCCTCAATGAATTGAGGA	-12.2626822826721	-5.13253511746044	1	1511
ACATTGGCGCCAAGACCGCTGATC	4.57773493398477	0.848774591588082	3	4021
ACCACTGTACAGCAGACAATGGAA	4.39706363263767	7.06163661521125	3	949
ACCACTGTAGCAGGAAACCACTGT	13.0853865325107	1.7720847297796	2	1043
ACCACTGTAGTCACTAAACGTGAT	-9.29201934823335	14.7365586148855	4	1110
ACCACTGTCAACCACACGACTGGA	-16.2627185318899	-2.01792299506433	1	1363
ACCACTGTCAAGACTACGACACAC	15.1575090866983	-3.40057647630301	2	1111
ACCACTGTCAAGGAGCAACTCACC	21.3350606668603	-6.77547712913998	2	1251
ACCACTGTCGGATTGCACGCTCGA	-11.6053283653097	-1.50450357569596	1	2228
ACCACTGTCTGGCATAAAGACGGA	-14.812278004103	-15.0231439839977	1	2303
ACCACTGTGAGCTGAACAGATCTG	7.37933137753307	-21.7841682652936	7	626
ACCTCCAAAACAACCAACGCTCGA	3.11086246599159	-2.21309449245149	3	4940
ACCTCCAAAACAACCAAGCACCTC	7.26334735087502	-9.47644979451269	2	908
ACCTCCAAACGTATCACGCTGATC	14.7160150651968	-9.26103863271313	2	1013
ACCTCCAAATCATTCCAAGGTACA	2.33986429506049	11.2042003081723	3	3271
ACCTCCAAATTGAGGAACGTATCA	3.20804768784015	4.13347168954266	3	3855
ACCTCCAACAATGGAACAACCACA	28.1524185741489	-10.0357218028742	6	897
ACCTCCAACACTTCGACTAAGGTC	10.3587586836968	16.8531487876228	3	3875
ACCTCCAAGCGAGTAAGACTAGTA	8.97890278639979	-8.18517100889273	2	993
ACCTCCAAGTGTTCTAGATGAATC	7.45456478236363	8.22492147877757	3	4063
ACCTCCAATGGCTTCAAACGTGAT	8.32322453000844	4.73774206424111	3	1160
ACGCTCGAAATGTTGCCTAAGGTC	10.5732514318031	-1.00936979393118	2	860
ACGCTCGAACAAGCTAGCTAACGA	-10.389928225929	-10.2101944333311	1	1856
ACGCTCGAACACGACCATCCTGTA	3.16140131927029	29.0138736438365	5	2691
ACGCTCGAACGCTCGAAACGCTTA	-0.802188136100813	28.2249825823456	5	1958
ACGCTCGAACTATGCAACCTCCAA	-18.6146019460611	-10.2818874062947	1	2064
ACGCTCGAAGAGTCAAGGTGCGAA	-13.6050248920365	-3.19393571252298	1	1525
ACGCTCGAAGATCGCACCATCCTC	0.0663192453754421	7.18473670771407	3	3574
ACGCTCGAAGTCACTAAGATCGCA	2.27671964500625	14.4815832615033	4	3108
ACGCTCGACCTCCTGATCCGTCTA	-0.0652470441635431	12.2620309594825	4	3039
ACGCTCGACGCTGATCAATCCGTC	-6.91696901827797	16.0084682887316	4	1205
ACGCTCGAGACTAGTAAGAGTCAA	2.62887933346359	6.90443471607412	3	3180
ACGCTCGAGTACGCAAAATCCGTC	-12.2003595934984	2.29334398085391	1	1690
ACGTATCAAAGAGATCTGGCTTCA	-0.0770473588394621	26.8888694953643	5	2093
ACGTATCAAAGGTACACGCTGATC	0.981466517810308	26.8191869425354	5	2361
ACGTATCAACATTGGCAGATCGCA	1.89544294690706	16.4348594278811	4	2992
ACGTATCAACCACTGTAGCCATGC	3.14497557503318	14.0885376213102	4	3192
ACGTATCACAATGGAAATCATTCC	-15.6782390279671	-2.79818767602998	1	1070
ACGTATCACCGAAGTAACCACTGT	-17.056181436436	-14.7786498361341	1	2680
ACGTATCACCTCTATCACAGCAGA	-0.483350330651983	11.3740250455518	4	3122
ACGTATCACTGAGCCAAACTCACC	10.829009284116	-6.91723020357771	2	898
ACGTATCACTGAGCCAATTGGCTC	3.52202339736668	3.14846609018097	3	3850
ACGTATCAGACTAGTATGGAACAA	8.88124908474472	-6.36135021003843	2	824
ACTATGCAAAGACGGAACGCTCGA	4.84657240330099	5.71938857824064	3	3468
ACTATGCAACCTCCAATGGTGGTA	8.18906861134779	12.7532571892505	3	2871
ACTATGCAAGATGTACCTCAATGA	-16.5021638567806	-0.560735069680302	1	1371
ACTATGCACAACCACAAAGGTACA	-21.6725051285867	-10.476159421257	1	1723
ACTATGCACAACCACAGTCTGTCA	-0.391702952212275	27.2779940869157	5	2102
ACTATGCACACCTTACGCCAAGAC	-18.9011612641953	-1.4763655090178	1	1498
ACTATGCACGACACACGATGAATC	-12.7825655579714	-20.0568685768909	1	2606
ACTATGCACGACACACTGAAGAGA	-15.8382943289953	-15.1229165974063	1	2398
ACTATGCAGCTAACGACATACCAA	7.78982827649314	-21.757996869886	7	1001
ACTATGCAGGTGCGAAAAGGTACA	-13.6221413206588	-13.5816248556025	1	2244
AGAGTCAAAATCCGTCGACTAGTA	1.4978925968601	29.4956291776098	5	2134
AGAGTCAAAGTACAAGAATGTTGC	2.86276101784218	6.03754863797335	3	3210
AGAGTCAAATTGGCTCACATTGGC	8.95881325062797	-5.2137796471755	2	842
AGAGTCAACATACCAAAGTCACTA	-11.0733667259152	-3.94454478976204	1	1342
AGAGTCAACCAGTTCACATCAAGT	3.81226493957348	-1.17464301717409	3	4164
AGAGTCAAGAGTTAGCCAGCGTTA	-0.952077775564966	27.4344372681293	5	1683
AGAGTCAAGGAGAACAGTCTGTCA	0.520883913569859	14.311922640565	4	2705
AGAGTCAATATCAGCAATTGAGGA	-15.052230825527	-15.5390733781226	1	2587
AGAGTCAATCCGTCTACTGGCATA	-8.5644052663234	-14.5854606406978	1	2387
AGATCGCAAGCACCTCTATCAGCA	21.7834772267267	-6.7649666843296	2	1034
AGATCGCAATCATTCCGTACGCAA	18.4728587691985	-7.96980412593295	2	982
AGATCGCAATTGGCTCCAATGGAA	-13.2746588416577	-1.61295360238139	1	831
AGATCGCACAAGGAGCCGAACTTA	-14.8019833879387	-6.95808905932052	1	2020
AGATCGCACACCTTACCGACTGGA	-9.18481758024851	-15.2082880200598	1	2425
AGATCGCACCAGTTCAGCTAACGA	9.33789589660708	-4.67424836577686	2	867
AGATCGCACGACACACAACTCACC	-7.49591690200813	-16.0217527716757	1	3284
AGATCGCACGGATTGCAAGAGATC	-11.1144145516223	-15.533793099624	1	2310
AGATCGCAGAGTTAGCCCTAATCC	16.1882830691161	-5.47097048618163	2	1015
AGATCGCAGCTAACGAAAGGACAC	-18.1070256929415	0.0432544631617808	1	1464
AGATCGCAGTACGCAACGAACTTA	-18.8229532234683	-4.18127556971769	1	1817
AGATCGCATGGAACAAGATGAATC	-6.45532836038055	-12.4193356198373	1	2649
AGATGTACACAGATTCAAGACGGA	13.5704193387241	-7.10570269464343	2	929
AGATGTACATTGGCTCAGAGTCAA	-14.0585269154241	-4.58741811798166	1	1616
AGATGTACGACTAGTAGATAGACA	-22.4496884738834	-1.4772508198328	1	2472
AGATGTACGCTAACGAACAAGCTA	-4.42102513354636	15.9291447583251	4	2231
AGATGTACTATCAGCAGATGAATC	4.55068316377163	27.6730911157141	5	2955
AGATGTACTGAAGAGAAGGCTAAC	4.66627235656366	21.7647212704018	3	3174
AGATGTACTGGCTTCAAGGCTAAC	28.2375986718645	-10.2663525446752	6	926
AGCACCTCAAACATCGGATGAATC	5.79497749438173	24.854245864586	5	2856
AGCACCTCAACAACCAGACAGTGC	-18.2531914541792	-15.1767592809331	1	2084
AGCACCTCAAGACGGACCATCCTC	3.6263819567195	-1.86612816544195	3	4465
AGCACCTCACACGACCATCCTGTA	-1.67252831874988	14.5736692447885	4	2761
AGCACCTCACAGCAGAACTATGCA	-8.52464373444296	-16.9773055461633	1	2723
AGCACCTCACAGCAGATGAAGAGA	3.84999937939729	4.50717710334382	3	3617
AGCACCTCAGAGTCAACAGATCTG	7.72359103885684	-4.35351427944186	2	959
AGCACCTCAGTACAAGATCCTGTA	2.35274461749147	11.7021656620558	3	3323
AGCACCTCATTGAGGACAAGACTA	1.67923724577723	7.23370209274478	3	3436
AGCACCTCCACTTCGATGGTGGTA	24.3043385919108	-10.5408926775752	6	864
AGCACCTCCAGATCTGCCAGTTCA	12.8119208147964	-9.5165573543106	2	960
AGCACCTCCAGCGTTAACATTGGC	29.1247276051584	-10.6834683536866	6	893
AGCACCTCCCGACAACAACGCTTA	14.1622862273075	-3.42552020783947	2	985
AGCACCTCCGACTGGAAGGCTAAC	12.0858190087227	-6.86302504277496	2	952
AGCACCTCCGCATACAACTATGCA	9.53764619957369	17.8473695694536	3	2119
AGCACCTCCGGATTGCAGCAGGAA	-0.299062174860003	9.18384349535342	3	3059
AGCACCTCGACAGTGCGGAGAACA	9.05542080105569	11.4155361583168	3	3934
AGCACCTCGTCGTAGACAATGGAA	7.80325091535477	3.54783437048559	2	937
AGCAGGAAAACGTGATCCGTGAGA	-1.14755522715807	18.377218478309	4	2404
AGCAGGAAAACGTGATGTCTGTCA	-10.0523105123073	-14.026987863012	1	2291
AGCAGGAAAGATGTACCTGTAGCC	4.01954024416294	25.7712973427131	5	3234
AGCAGGAAAGTGGTCAACGTATCA	13.7833798943365	-3.0963437978922	2	923
AGCAGGAAATTGAGGACCTCCTGA	7.47444779067359	-5.17316262635391	2	894
AGCAGGAACAGCGTTACACTTCGA	-23.8874080318706	-2.50905924367738	1	2562
AGCAGGAACCTAATCCGTGTTCTA	5.87398752671287	26.3052223907444	5	3200
AGCAGGAACGCTGATCCCTAATCC	-10.9059848542496	-7.35427676046624	1	1888
AGCAGGAACTCAATGAAATGTTGC	-14.398656437797	-3.04618375209115	1	1464
AGCAGGAACTGAGCCAGTCGTAGA	-2.37049337963116	13.1169387481952	4	2695
AGCAGGAAGACAGTGCCCGAAGTA	29.5347917536936	-11.845443280573	6	813
AGCAGGAAGCCACATAGCGAGTAA	-6.20329578280766	16.4575231144207	4	1156
AGCAGGAAGGTGCGAACAAGGAGC	-16.3179480665014	-8.18562888466964	1	1950
AGCAGGAAGTGTTCTAGGAGAACA	-13.5667007314991	-2.42038589422984	1	1254
AGCAGGAATTCACGCACTAAGGTC	0.97320792269181	27.6298881174428	5	2267
AGCCATGCAATGTTGCGCCAAGAC	-12.9861993376242	-11.0078089637522	1	2083
AGCCATGCAGATCGCAAGCACCTC	-20.2821082649439	-14.7119110859945	1	1864
AGCCATGCAGGCTAACGTGTTCTA	-13.4421557181911	-14.3445087866122	1	2360
AGCCATGCGATGAATCGGTGCGAA	-19.0121322052465	-6.84941284737458	1	1763
AGCCATGCGTCGTAGATGAAGAGA	28.901465601924	-8.57073115250977	6	895
AGGCTAACAACTCACCAACGTGAT	15.9572352773293	7.59270200401597	3	366
AGGCTAACAATGTTGCAAGGACAC	11.1371993557038	-1.82169888256582	2	979
AGGCTAACACGCTCGAAACGTGAT	6.83768922834872	10.2242816558872	3	3723
AGGCTAACAGAGTCAAATCATTCC	17.1211610739986	-6.93563349747495	2	1008
AGGCTAACAGCCATGCTGGCTTCA	15.9918749289917	7.5957665076667	3	135
AGGCTAACATTGGCTCGGAGAACA	-19.4898956681977	-11.188409504276	1	2063
AGGCTAACCACCTTACTTCACGCA	-11.8508933668578	-17.5307263575407	1	2345
AGGCTAACCGAACTTACGAACTTA	3.62364868303225	-1.94229882482205	3	4155
AGGCTAACGAGCTGAACCATCCTC	-16.715981815119	-6.60968313178968	1	1855
AGGCTAACGTGTTCTAATCCTGTA	3.18097835609477	25.8095896987375	5	2945
AGGCTAACTCTTCACACGCTGATC	-14.4321467563373	-18.9367806063307	1	2813
AGGCTAACTGGTGGTAACAAGCTA	-0.455940396487416	28.5244622115463	5	2035
AGTACAAGACAAGCTAATCCTGTA	-19.699808307663	-2.72054459829635	1	1614
AGTACAAGACAGATTCAACGCTTA	-15.1102517141954	-3.84785198628943	1	1463
AGTACAAGACTATGCACGACACAC	-15.7159713238272	1.22470691470385	1	1644
AGTACAAGAGGCTAACCATCAAGT	-10.7813673331984	-6.6517726382372	1	1867
AGTACAAGATGCCTAAATCATTCC	-14.0266209592319	-2.84961980161035	1	1331
AGTACAAGCCAGTTCATATCAGCA	-16.1843917484935	-7.86914116679584	1	2477
AGTACAAGCCGACAACGCTAACGA	-0.536468263090006	11.7059091818755	4	2942
AGTACAAGGACAGTGCCCAGTTCA	1.56323653277327	5.35884722720566	3	345
AGTCACTAAACGCTTATGGTGGTA	2.97905942727992	26.8827664174776	5	2867
AGTCACTAAACGTGATGGTGCGAA	29.5932106039022	-8.22377500132559	6	885
AGTCACTAAAGGTACACCTCTATC	13.0165187661594	-4.3084010944549	2	900
AGTCACTAAGAGTCAAGTACGCAA	-12.7267941760378	-3.16090232069816	1	1965
AGTCACTAAGATGTACAACCGAGA	7.8480400263104	-8.69317301991442	2	949
AGTCACTAAGCCATGCCAACCACA	4.94801243524365	9.21135615816305	3	3634
AGTCACTAATTGAGGACAATGGAA	28.3601577915708	-10.0896210246451	6	932
AGTCACTACATCAAGTTGGCTTCA	25.3886119814858	-9.2583983849508	6	847
AGTCACTACCGTGAGACTGGCATA	26.5808305364399	-9.32848740015875	6	1102
AGTCACTACTCAATGACAATGGAA	9.51030442105184	-0.72561457174188	2	911
AGTCACTAGAACAGGCCATACCAA	28.3550254451193	-7.75089345707852	6	809
AGTCACTAGATGAATCACTATGCA	3.83484870258714	14.39963829007	3	2959
AGTGGTCAAATCCGTCTCCGTCTA	-13.205608034881	-16.9946384491425	1	2093
AGTGGTCAAATGTTGCCGCTGATC	0.489506805645361	8.22445585881611	3	3300
AGTGGTCAACAGCAGATATCAGCA	11.6629702980184	1.80307292691472	2	828
AGTGGTCAAGTACAAGACCACTGT	-11.1257998212365	-9.2034094431158	1	1627
AGTGGTCAATTGAGGACGAACTTA	-10.7563681991384	-18.3083312685223	1	2712
AGTGGTCACTCAATGAAGATCGCA	8.01244836750306	-21.98680556703	7	1349
AGTGGTCACTGTAGCCACGCTCGA	0.478985950507634	27.9688109015261	5	2435
ATAGCGACACAGCAGACCATCCTC	14.6888557488034	-7.4765600329111	2	939
ATAGCGACACCTCCAACCAGTTCA	-18.5443612555862	-11.2137801038755	1	2096
ATAGCGACAGATGTACTGGAACAA	11.0313216039677	-4.98017743734814	2	1062
ATAGCGACCGACTGGAATAGCGAC	-15.7240379989688	-3.58939915652135	1	1373
ATAGCGACCGCTGATCCCATCCTC	29.8458341458164	-7.83588170702014	6	964
ATAGCGACCTCAATGACCGTGAGA	16.0462844411242	-6.55351439528698	2	1108
ATAGCGACGAACAGGCGATAGACA	1.49865226113517	6.20251609738162	3	3337
ATAGCGACGATAGACAAGCACCTC	2.4478346675803	5.00980136153182	3	3702
ATAGCGACGCCAAGACGAATCTGA	26.2262839900444	-10.5865505453252	6	992
ATAGCGACGCCAAGACGAGCTGAA	13.1799132942131	-0.751452843138205	3	906
ATCATTCCAAGAGATCCACCTTAC	-15.4090315372902	-13.3652599663788	1	1918
ATCATTCCACAGCAGACTCAATGA	-7.9373889230805	-16.3926438323539	1	3265
ATCATTCCACCTCCAAGGAGAACA	4.40916259907446	1.96689121796506	3	3962
ATCATTCCATAGCGACGTCGTAGA	-15.4514894067286	-6.00330198193259	1	1957
ATCATTCCATCCTGTATATCAGCA	-17.7192080722546	-16.8562220487813	1	1891
ATCATTCCCAAGACTAAACCGAGA	-1.45877386646611	13.8761376134032	4	3059
ATCATTCCCACCTTACCAAGGAGC	1.22736915735338	8.23191865440718	3	3432
ATCATTCCCGGATTGCGAGCTGAA	-13.4285084940792	-4.34616294936695	1	1486
ATCATTCCGATGAATCTAGGATGA	3.47784005312798	27.679196709804	5	3252
ATCATTCCGTGTTCTACGCATACA	1.727951496857	8.99027243576956	3	3556
ATCATTCCTAGGATGACTGTAGCC	5.31867692731091	28.4838272846543	5	3799
ATCCTGTAAATCCGTCCACTTCGA	16.344833745697	-4.06337592636327	2	895
ATCCTGTAACCTCCAACACCTTAC	10.1376371529718	-6.52664770519081	2	779
ATCCTGTAACGCTCGACCTAATCC	-0.0893404459749822	14.6249277887722	4	3239
ATCCTGTAACGCTCGATATCAGCA	-16.3865494602968	-15.5095566286878	1	2257
ATCCTGTAGAATCTGAAACCGAGA	5.70598616675796	1.47719656851771	3	4016
ATCCTGTAGTCTGTCAAAGAGATC	9.73924404982616	17.3796201379696	3	2733
ATCCTGTATTCACGCAAGTACAAG	-10.7257581944255	-6.60023063662264	1	1732
ATGCCTAAAATCCGTCCGGATTGC	-0.101484879089935	16.3679893144735	4	2330
ATGCCTAAAATCCGTCGGTGCGAA	0.655419178477046	29.1136497190018	5	1935
ATGCCTAAACAGCAGAGCTAACGA	-19.411645222019	-10.0258027819811	1	1925
ATGCCTAAACTATGCACAACCACA	-21.0366262574679	-15.3486501778341	1	2612
ATGCCTAACATCAAGTTGGCTTCA	-18.2038912929578	-15.0988851520492	1	2038
ATGCCTAACTAAGGTCATGCCTAA	10.2145185832789	-3.91736546467407	2	837
ATGCCTAAGAACAGGCCAGATCTG	-14.532872443725	-1.02968896971289	1	927
ATGCCTAAGAATCTGAATCCTGTA	-15.7055157224715	-16.1460994914773	1	2620
ATGCCTAAGAGCTGAAGCTCGGTA	7.83134012538166	-3.23674726475632	2	833
ATGCCTAAGATAGACAATAGCGAC	12.5666235950956	-1.33279656370663	2	853
ATGCCTAAGCTAACGAATCCTGTA	-16.896510203205	-9.39513563109726	1	2205
ATGCCTAATGGAACAACCAGTTCA	9.70910706041516	-5.54976049247603	2	1024
ATGCCTAATGGCTTCAAGTCACTA	6.89011438152487	10.3804096246067	3	3748
ATTGAGGAAAGACGGATCTTCACA	30.2104499521639	-10.5125957509877	6	1020
ATTGAGGAACAAGCTAAGCACCTC	28.2981708479172	-10.0933371526482	6	852
ATTGAGGAACAGATTCATAGCGAC	10.2841868570454	-1.64962353779258	2	871
ATTGAGGAACCACTGTCTCAATGA	-23.7385376946219	-1.87940215614747	1	2394
ATTGAGGAACTATGCAGAGTTAGC	10.484973551782	-7.5253873391823	2	885
ATTGAGGAAGATGTACATAGCGAC	9.39663760548276	-7.33441019104031	2	871
ATTGAGGAAGCACCTCTAGGATGA	-17.4372059046204	-3.96468571326928	1	1864
ATTGAGGAATAGCGACAGATGTAC	19.3036183179364	-7.43334511604384	2	1222
ATTGAGGACAACCACAAGGCTAAC	-10.3475473060867	-6.63166954670365	1	1418
ATTGAGGACAATGGAAGTCTGTCA	10.0271716180036	9.88393131540938	3	5035
ATTGAGGACACCTTACGCCAAGAC	11.2733129386081	-9.36865614682463	2	832
ATTGAGGACCGTGAGAAATGTTGC	-18.2405741066947	-2.32438031751556	1	1537
ATTGAGGACCGTGAGAATTGAGGA	-0.931563615749968	-13.3533979548809	2	4292
ATTGAGGAGATAGACACAAGGAGC	4.75130189825032	26.3509690112327	5	2900
ATTGAGGAGTGTTCTACAGCGTTA	-19.9922516518718	-11.2649343939316	1	1912
ATTGAGGATATCAGCAAACTCACC	-20.2972471392311	-10.9764443140222	1	1993
ATTGGCTCAACGCTTAGTCTGTCA	17.4655260636755	-7.42297526741845	2	1149
ATTGGCTCACACAGAACAACCACA	-11.4570428137033	-12.6861883625922	1	2139
ATTGGCTCACCACTGTTCTTCACA	-9.16439282565765	14.7794898016805	4	923
ATTGGCTCACGCTCGAATAGCGAC	6.54776965130174	-5.4218981185302	2	888
ATTGGCTCAGCACCTCAAGGACAC	7.51234903527511	-21.9947731985882	7	775
ATTGGCTCATCATTCCCCAGTTCA	-22.4700376303147	-2.38828891998587	1	1914
ATTGGCTCCATACCAAAAGGTACA	7.56292682397038	0.922937688136603	2	3896
ATTGGCTCCGCTGATCCTGAGCCA	4.21554148798357	15.086298604456	4	2800
ATTGGCTCCTAAGGTCCGCTGATC	3.18460798246054	12.0514061482156	3	3353
ATTGGCTCTAGGATGAAGGCTAAC	1.74248989188137	7.11337777607035	3	3520
ATTGGCTCTGGAACAATTCACGCA	-16.5194736484764	-4.50787356687783	1	1934
CAACCACAAACGCTTAACACAGAA	-5.32219678521682	17.226726250799	4	1722
CAACCACAAATGTTGCCAAGACTA	5.30662828278766	-0.0601952659086278	3	3995
CAACCACAACAGCAGACAGATCTG	3.37613194797702	-2.07479308766218	3	4770
CAACCACAAGCACCTCCGCTGATC	-17.2040160693081	-11.2730693521519	1	2207
CAACCACAATGCCTAAAACGTGAT	4.58517444300554	3.60767767144222	3	3845
CAACCACAATGCCTAAAGATCGCA	-11.2181660244969	-8.93313105589324	1	1743
CAACCACACAAGACTATGGAACAA	9.01277767647938	-8.48133742643878	2	846
CAACCACACAGCGTTACCAGTTCA	10.0392393887345	-9.41507762833301	2	838
CAACCACACTGAGCCAACGTATCA	10.2395809405767	-7.84892368962133	2	830
CAACCACAGACAGTGCCGCTGATC	6.23353919321754	6.61831174751694	3	3524
CAACCACAGATGAATCACAAGCTA	-17.5448098733623	-13.9224293064614	1	1623
CAACCACAGTACGCAAGATGAATC	-19.3050594052007	-8.72249219619924	1	1811
CAACCACATGGAACAACACCTTAC	11.4631577521457	-8.41216438720642	2	995
CAAGACTAACCTCCAACCATCCTC	-13.952396798746	-8.94315698219778	1	2349
CAAGACTAAGCCATGCAAGGTACA	27.7836374328291	-8.69808075785947	6	923
CAAGACTAATTGAGGAAGTGGTCA	30.4647738184201	-8.53635937281851	6	969
CAAGACTAATTGGCTCCACTTCGA	9.09973347908208	-3.17808432758069	2	816
CAAGACTACAATGGAAGTCGTAGA	-13.4900104141866	-14.4335145964342	1	2447
CAAGACTACACCTTACCAGATCTG	5.49397418815648	5.99820032820446	3	3935
CAAGACTACCATCCTCAAGGACAC	-9.46369117803012	-14.3722781865732	1	2557
CAAGACTACTAAGGTCAAGGTACA	3.65170959878857	4.83484544085766	3	3714
CAAGACTACTAAGGTCCCATCCTC	12.3599538259869	-8.0700481250272	2	984
CAAGACTACTCAATGAAGATCGCA	9.01417877761495	-7.51366000004878	2	854
CAAGACTAGACAGTGCAGTCACTA	-20.0121640707187	-5.19631713687479	1	1805
CAAGGAGCAACTCACCTGGCTTCA	7.91844370150727	-7.13765087268284	2	860
CAAGGAGCACAAGCTACCTCTATC	26.0080266242721	-8.22644564713528	6	855
CAAGGAGCACAAGCTACGACACAC	-2.33608999621699	11.4820242516245	4	2778
CAAGGAGCACACAGAAGCCAAGAC	-16.0751915957205	1.37074148963736	1	1455
CAAGGAGCACAGCAGACACTTCGA	-6.74849712229647	15.06915187717	4	1145
CAAGGAGCATTGGCTCAGCAGGAA	-15.9668014087807	-10.9216423637185	1	1676
CAAGGAGCCAGATCTGACTATGCA	-3.99879295167731	11.2999076272405	3	2795
CAAGGAGCCCGACAACCAGCGTTA	-2.44664753322459	14.094863041593	4	2552
CAAGGAGCGACAGTGCCACCTTAC	-8.47493805155872	-15.0626562786136	1	3085
CAAGGAGCGCTAACGAAGCCATGC	-18.2777751498456	-2.1735992194166	1	1087
CAAGGAGCGGTGCGAAGACAGTGC	-0.69540390675272	15.2475263936733	4	2872
CAAGGAGCGTGTTCTAATCCTGTA	4.70607191137749	26.5019206182979	5	2938
CAAGGAGCGTGTTCTACACTTCGA	-10.1879195612085	-10.3786646930741	1	2038
CAAGGAGCTCCGTCTAAACTCACC	-9.99280361202829	-15.511890262718	1	2682
CAAGGAGCTGAAGAGAAGTGGTCA	-21.7784907363658	-12.1056339331892	1	2325
CAATGGAAAATCCGTCCGCTGATC	15.7891678342278	-6.04172617004556	2	938
CAATGGAAACACGACCCTGGCATA	12.2490655194623	-4.88698721581336	2	1082
CAATGGAAACTATGCATTCACGCA	13.685054482822	1.4846386606675	2	1255
CAATGGAAATTGAGGACCGAAGTA	10.6450633633418	-3.09915193548105	2	1037
CAATGGAACCATCCTCTATCAGCA	-20.3761125350884	-13.032992410742	1	2072
CAATGGAACGACACACGAATCTGA	7.99489863268384	-23.0283976831023	7	1159
CAATGGAACTCAATGAGCCAAGAC	11.837541103186	1.13759437056635	2	999
CAATGGAAGAATCTGAAGCACCTC	-12.1870195481307	-14.5634935150999	1	2573
CAATGGAAGAGTTAGCCCAGTTCA	-13.243980767333	-4.8139549468965	1	1742
CAATGGAAGATGAATCGGTGCGAA	-18.2483322835215	-15.1840527144602	1	1764
CAATGGAATTCACGCAAAGGACAC	1.10975069745559	9.27631344947633	3	3510
CACCTTACAACAACCACTGGCATA	8.46144870020726	-4.0552527727421	2	872
CACCTTACAAGGTACACATCAAGT	1.47036743701841	8.31625479537637	3	3366
CACCTTACAATCCGTCAGGCTAAC	10.0790537058319	-3.05439019432589	2	885
CACCTTACAATGTTGCCTGGCATA	9.33475130910316	-5.47211710106178	2	846
CACCTTACATTGGCTCAAGGACAC	10.21114378943	-5.86522071263395	2	974
CACCTTACCAAGGAGCATCATTCC	-7.89803741524231	-15.8812304326627	1	2993
CACCTTACCCAGTTCAGGTGCGAA	4.52533060306987	26.8605831441493	5	2770
CACCTTACCCATCCTCAACGCTTA	27.2371254138004	-7.55341860969658	6	1033
CACCTTACCCTAATCCGGTGCGAA	10.3164940319636	-7.1524863256432	2	793
CACCTTACCGAACTTAAGTGGTCA	6.5758322323116	-7.02666397511537	2	1027
CACCTTACCGCATACATGGTGGTA	-11.2854436279855	-15.8573932894953	1	2472
CACCTTACCTAAGGTCGATGAATC	0.777127440584376	15.3602305059507	4	2851
CACCTTACCTCAATGAAGCACCTC	-12.5768118074566	-19.5109104361683	1	2816
CACCTTACCTGTAGCCAACGCTTA	1.09535200300418	27.2704477662507	5	2400
CACCTTACCTGTAGCCTATCAGCA	4.90665265990942	25.3901834187862	5	3236
CACCTTACGAATCTGATCCGTCTA	2.85307366128394	25.3115016522784	5	2734
CACCTTACGCTAACGAAATGTTGC	-19.9802887909959	-11.9202912294941	1	2186
CACCTTACGTCGTAGAAGTCACTA	7.71064888646184	-22.2445160293446	7	1341
CACCTTACGTCTGTCACAATGGAA	1.86565553407012	8.65762449465897	3	3372
CACCTTACTGGCTTCACAAGGAGC	-1.20391036098935	25.8473645547419	5	2173
CACTTCGAAAGGTACACCATCCTC	0.147850223155241	8.83894750940208	3	3440
CACTTCGAACATTGGCAGCAGGAA	7.8223098066839	-22.4614107416448	7	1493
CACTTCGAAGCCATGCACGTATCA	26.6027913223703	-10.4076384843387	6	795
CACTTCGAATTGAGGACTGGCATA	-19.2801677113477	-7.71319021422401	1	1921
CACTTCGACCTAATCCGTACGCAA	14.2662111213611	-4.79640518525541	2	1046
CACTTCGACCTCCTGAAACCGAGA	26.8819642103021	-9.74922914762796	6	1085
CACTTCGACTAAGGTCCACTTCGA	-18.3302129245614	-8.33543136824689	1	1330
CACTTCGACTCAATGAATAGCGAC	7.63761856128066	-22.1845132857147	7	700
CACTTCGAGTGTTCTAATCATTCC	2.00321531895005	29.5465696525899	5	2180
CAGATCTGAACAACCAGTCGTAGA	18.9675049851479	-4.86416146706224	2	984
CAGATCTGAACGTGATCACTTCGA	27.9586537963972	-9.35634866127431	6	818
CAGATCTGAAGAGATCATTGGCTC	17.1826259437574	-6.63801970269091	2	1069
CAGATCTGACAGCAGAAACTCACC	2.65056373158629	4.83390536217307	3	3842
CAGATCTGACCTCCAAAGCAGGAA	-2.4148993726827	11.5003577884215	4	2809
CAGATCTGATTGGCTCACACAGAA	4.54644492185831	10.7313996013397	3	3308
CAGATCTGCATCAAGTCTGAGCCA	2.36409536104012	27.9929732554629	5	2519
CAGATCTGCCAGTTCACAACCACA	18.2777383809342	-7.47927611460523	2	1071
CAGATCTGCCGTGAGAAACTCACC	-14.922963718404	-11.3342257726529	1	1974
CAGATCTGCGAACTTACCTCCTGA	1.59085036003142	28.4497460795304	5	2759
CAGATCTGCGGATTGCCATACCAA	12.205474280294	-7.95977761104715	2	891
CAGATCTGCTAAGGTCGATGAATC	-16.4712529981816	-6.33727988625761	1	1683
CAGATCTGGACTAGTAGATAGACA	-9.24951124405703	14.7875514135332	4	1102
CAGATCTGGCGAGTAATGAAGAGA	-0.0658883072669493	24.7076852631305	5	1288
CAGATCTGGCTCGGTAACATTGGC	1.45833195808076	9.51346601648751	3	3313
CAGATCTGGTGTTCTAATTGGCTC	-15.3214266419304	-4.45295811068309	1	1628
CAGCGTTAAAGGACACGACTAGTA	-19.3970883458946	-2.72260976138467	1	1813
CAGCGTTACAATGGAAAGTGGTCA	-3.28325390384154	14.6962665442275	4	2247
CAGCGTTACAGATCTGCCAGTTCA	2.62396301513111	7.5251813039126	3	3021
CAGCGTTAGAACAGGCCGACTGGA	-2.73743844171352	14.2417049696214	4	2893
CAGCGTTAGCTAACGAAGTACAAG	-11.3764495502404	-16.8604721326149	1	2566
CAGCGTTAGTCTGTCAGACTAGTA	-1.38544903471493	14.8433408395423	4	2994
CATACCAAAACAACCATGGAACAA	16.0014649641758	7.59326044108452	3	113
CATACCAAAGCCATGCCTAAGGTC	-1.38202432047903	16.2491787079937	4	2558
CATACCAAATTGAGGAACAGCAGA	16.009610648219	7.59002142907997	3	87
CATACCAAATTGAGGAGTACGCAA	-13.179774646092	-13.9257296801166	1	2436
CATACCAACCTCTATCCTGTAGCC	3.84592865822503	26.760372693736	5	3048
CATACCAACTAAGGTCCTGTAGCC	-3.63835888442359	13.6509409963152	4	2496
CATACCAACTCAATGACTGAGCCA	-14.5963745077489	-2.478851483572	1	1297
CATACCAAGAGCTGAACCGACAAC	-22.4795357335638	-4.94416542248712	1	2095
CATACCAATTCACGCACCAGTTCA	3.3930618698119	-1.87153509165028	3	4717
CATCAAGTCAACCACAAGAGTCAA	3.82423820072995	-1.99825056830576	3	4216
CATCAAGTCAGATCTGTGGTGGTA	9.95273316595058	-10.1057768449647	2	919
CATCAAGTCAGCGTTACCTAATCC	10.2799317384703	-8.66552653047606	2	854
CATCAAGTCGACTGGAGACAGTGC	7.5093247294276	11.1670734671829	3	3804
CATCAAGTTGGTGGTACATCAAGT	3.73207375878112	9.65717730336609	3	741
CCAGTTCAAAGGTACAAAGGACAC	3.67081042177003	6.97087521266816	3	3486
CCAGTTCAACACAGAATCTTCACA	1.15564356651702	27.8043854794783	5	2467
CCAGTTCAACGTATCACGACACAC	30.3798357157063	-10.892630411962	6	978
CCAGTTCAACTATGCAATCATTCC	-8.75430407641286	-9.16871658039956	3	1368
CCAGTTCAATTGAGGAAGTACAAG	4.68430357954156	12.4621850968097	3	3400
CCAGTTCACAACCACACCGTGAGA	13.5571351665256	-3.60993147675158	2	962
CCAGTTCACACCTTACCCGTGAGA	-17.5577788157876	-2.76461718517298	1	1390
CCAGTTCACCGACAACGCGAGTAA	3.34715811639449	12.1617520389733	3	3241
CCAGTTCACCTAATCCCCGAAGTA	9.75900924842164	-6.07865994826327	2	806
CCAGTTCACGCATACATATCAGCA	14.6457443181999	-8.42611667548664	2	1438
CCAGTTCAGAGCTGAACTGGCATA	-18.014961191916	-12.7799306463773	1	1931
CCAGTTCAGCCAAGACAGTACAAG	-2.74260651278165	14.7753775346054	4	2876
CCAGTTCAGCTCGGTAGAGTTAGC	-0.432664844992435	15.6797682470828	4	2528
CCAGTTCAGTACGCAAATAGCGAC	12.1090760605457	-9.74337212344487	2	849
CCAGTTCAGTCTGTCATGGCTTCA	-19.8515994473253	-11.9939896953013	1	2468
CCATCCTCAATCCGTCCCGTGAGA	3.50139956627018	26.1159307703679	5	2928
CCATCCTCACAGCAGACGCATACA	7.28180407458588	-21.2630416008904	7	1131
CCATCCTCACGCTCGAGGTGCGAA	9.3783318982378	10.2194577709719	3	4413
CCATCCTCAGCACCTCCCATCCTC	-1.29450678487044	4.42512044592569	3	930
CCATCCTCATTGAGGACGGATTGC	-5.42238798049066	15.4331473678545	4	2383
CCATCCTCCACCTTACAGAGTCAA	10.5778438364123	-5.92912284452396	2	937
CCATCCTCCATACCAAGACAGTGC	9.07837082067454	-5.43583473216948	2	814
CCATCCTCCATCAAGTTTCACGCA	0.302286615074133	16.4897106915004	4	2376
CCATCCTCCCAGTTCAGCTAACGA	7.41928462210712	-21.6333078015726	7	724
CCATCCTCGCCAAGACCAAGACTA	5.34627075700023	23.0698395349101	5	3351
CCATCCTCGTCTGTCAAGGCTAAC	3.25878751517942	12.9576614460368	3	3494
CCGAAGTAAAGACGGACCATCCTC	4.45413699081315	3.48213932650231	3	3881
CCGAAGTAACTATGCATGAAGAGA	-13.0092113840411	-18.3252019349323	1	2804
CCGAAGTAAGATCGCACGAACTTA	-12.074199643054	2.38937713610595	3	1889
CCGAAGTAAGCACCTCCACTTCGA	-15.657418698563	1.18331769124727	1	2045
CCGAAGTAATCATTCCACGTATCA	-10.4267652699244	-15.4252627243576	1	2556
CCGAAGTACCGACAACATCATTCC	30.1636966113966	-8.42702803676018	6	1019
CCGAAGTACCGTGAGACCATCCTC	14.9631333055644	-7.1671460815538	2	1005
CCGAAGTACCTCCTGACTGAGCCA	-15.8963771168892	-12.523291332294	1	1807
CCGAAGTAGCCACATAACTATGCA	9.84511471945065	-4.24995518858401	2	867
CCGAAGTAGCCACATAGAGCTGAA	10.6781844192494	16.9220573174418	3	4057
CCGAAGTAGCTCGGTAGTGTTCTA	10.3054987620548	-9.43590858698981	2	968
CCGACAACCAAGACTAACGCTCGA	30.4265874832619	-11.9249969439213	6	989
CCGACAACCAATGGAACTGGCATA	10.1265643599691	-1.50762079382371	2	845
CCGACAACCCTCTATCCCTCCTGA	25.7844230051118	-9.33770621336511	6	877
CCGACAACCGACTGGAACAGATTC	-20.4219494424703	-6.17959447482909	1	1764
CCGACAACCGCTGATCCAAGACTA	12.1518806169414	-7.06986114875857	2	875
CCGACAACCTGGCATAAGCACCTC	29.7932748740398	-12.5709350897632	6	914
CCGACAACGTCGTAGAACGTATCA	5.2155978143733	24.6989964687979	5	3117
CCGACAACGTGTTCTAGGTGCGAA	11.9769995768666	1.04593821195125	2	1020
CCGACAACTCTTCACACCTCCTGA	-12.2548499959655	-16.0096354979402	1	2543
CCGTGAGAAACGTGATCTAAGGTC	-10.6426231293465	-7.58452611289983	1	1877
CCGTGAGAATCATTCCAGATGTAC	10.3092156011084	0.0655891313319635	3	4379
CCGTGAGACACCTTACACGTATCA	-9.19471218029461	-16.1982443678707	1	2941
CCGTGAGACATACCAACCGTGAGA	10.1672083857442	-4.97656432765253	2	871
CCGTGAGACCAGTTCAGAACAGGC	-12.2183906919569	-7.51953934665775	1	1361
CCGTGAGACCGAAGTACCGTGAGA	-4.48261634928142	15.9969034741112	4	2159
CCGTGAGAGCCAAGACAAGAGATC	5.79526145298725	7.94100018219018	3	3729
CCGTGAGAGCCACATAAAGGTACA	-21.6018812321723	-12.0221453846349	1	1926
CCGTGAGAGCCACATATCCGTCTA	27.3866305057941	-11.3469105754631	6	835
CCGTGAGAGCGAGTAAATCATTCC	-6.26971471462637	-12.762969100579	1	2653
CCTAATCCAAGGACACCATCAAGT	-13.5222703961775	-5.15033665972933	1	1773
CCTAATCCAAGGACACCCTCTATC	12.1922863125643	-3.01850234230676	2	1077
CCTAATCCAGCAGGAACTGTAGCC	4.69012396014359	21.3042096360834	3	3298
CCTAATCCAGGCTAACACGTATCA	-12.8808787468458	-3.68823633360366	1	1131
CCTAATCCATCATTCCATAGCGAC	-11.8605827412166	-19.0881420623358	1	2654
CCTAATCCCACCTTACTGGTGGTA	-5.89347766138022	16.899340934789	4	1135
CCTAATCCCCTCCTGAAGATGTAC	0.514575403976557	12.4070609155789	4	3095
CCTAATCCGCGAGTAAGTCTGTCA	-6.29777383863239	-12.8224936318556	1	2268
CCTAATCCGTCGTAGAAAGGACAC	2.6595989603591	28.5220100410318	5	2684
CCTAATCCTCTTCACACTCAATGA	10.3668886891054	3.62227381129928	3	907
CCTAATCCTTCACGCAACCACTGT	-0.705946978467004	13.2687732330531	4	2868
CCTCCTGAAACTCACCATTGGCTC	-9.93238854495616	14.370657874991	4	1826
CCTCCTGACAATGGAAAGTCACTA	9.98178730463483	-7.50893319756811	2	1017
CCTCCTGACCGTGAGACTCAATGA	13.1498164652073	3.2333250540454	3	1427
CCTCCTGACCTAATCCTATCAGCA	16.9866034877207	-8.46443900274075	2	1008
CCTCCTGAGCTCGGTACGGATTGC	-19.2979982421987	-10.6667329634543	1	2088
CCTCCTGAGTACGCAAAGATCGCA	-18.1366795086434	-7.33202326330184	1	1673
CCTCCTGATTCACGCAGGAGAACA	-10.0856059092983	-15.6089462492541	1	2817
CCTCTATCAACCGAGATAGGATGA	-17.3986335425982	-12.3545451651397	1	2389
CCTCTATCACAGCAGAGATAGACA	-12.6255505040542	-9.62760392026741	1	1881
CCTCTATCACATTGGCGGAGAACA	12.7146042138184	-6.04205122183094	2	874
CCTCTATCATCCTGTAGACAGTGC	8.04339632684312	-23.1710444421989	7	2000
CCTCTATCCCAGTTCACAGATCTG	13.4498648336793	-9.8889615230266	2	1048
CCTCTATCCCGTGAGACCGTGAGA	11.432522547081	-6.82631994561684	2	903
CCTCTATCCGGATTGCCCAGTTCA	0.914806463603448	27.9103118339782	5	2494
CCTCTATCGACAGTGCAACGTGAT	-0.74796304337601	18.1205942304533	4	2562
CCTCTATCGCTCGGTACAGCGTTA	-1.22757135696841	17.6211161316417	4	2366
CCTCTATCGTGTTCTAATAGCGAC	0.895773162034673	0.706674530816082	3	859
CCTCTATCTGGCTTCACAAGACTA	7.58536633528634	-21.7463969786341	7	927
CGAACTTAAACGCTTACGAACTTA	-11.8378246397912	-17.0444679951712	1	2354
CGAACTTAAAGAGATCAAGGACAC	-21.2716191582289	-4.77141704231351	1	2600
CGAACTTAAAGAGATCGAGTTAGC	-4.12240899958386	11.8446633715442	4	2752
CGAACTTAAAGGTACAAGATGTAC	-13.8743191070996	-8.75115684881285	1	2068
CGAACTTAACAAGCTAAGGCTAAC	-21.1875728823653	-1.8936765583526	1	2055
CGAACTTAAGCAGGAAAGTGGTCA	-2.95853455977914	12.8890414904661	4	2694
CGAACTTAATTGAGGAAAGGACAC	-15.7891813498631	-4.61029005234767	1	1872
CGAACTTACATACCAACACTTCGA	9.53773715392843	-3.30977549219262	2	934
CGAACTTACTGAGCCACCGAAGTA	15.3696551475757	-6.58610603248554	2	1025
CGAACTTAGAATCTGAGATGAATC	8.9688030099272	-4.81538990316367	2	844
CGAACTTAGGAGAACAAAGGTACA	0.526965367925892	13.4854236890673	4	3067
CGAACTTATCTTCACACAGATCTG	-8.30865381401713	-17.141465447623	1	2907
CGACACACAAGACGGACCATCCTC	10.2926011488237	-8.30578332870519	2	888
CGACACACACGCTCGAACTATGCA	-2.09525351971197	15.33926343433	4	2491
CGACACACAGATGTACCACCTTAC	-11.9926959627029	-3.12757337532371	1	1262
CGACACACCATACCAATTCACGCA	17.6134209471004	-7.94227798757047	2	1094
CGACACACCCAGTTCATGAAGAGA	9.5737130402867	17.7771702827006	3	2222
CGACACACGTACGCAAACACAGAA	-1.07633010323533	26.7259925316672	5	1214
CGACACACTGGAACAACCATCCTC	3.39555500654024	-1.4245791657843	3	4721
CGACACACTGGCTTCACGGATTGC	2.93799145576681	-2.35798563853343	3	4854
CGACTGGAAACGTGATAACGCTTA	8.16517762333898	8.86985917903303	3	4164
CGACTGGAAAGGTACAGCCAAGAC	-16.6849110899594	-5.17916610373349	1	2099
CGACTGGAACCTCCAAAGTGGTCA	26.8674599468651	-10.4201169956703	6	797
CGACTGGACCTCTATCCAACCACA	9.03562540003029	10.6848880706246	3	4135
CGACTGGATGGAACAATGAAGAGA	3.26843566156832	13.0857878108224	3	3385
CGACTGGATGGCTTCAACCACTGT	-12.3370102428928	-19.1638420183264	1	3054
CGACTGGATTCACGCAAAGAGATC	12.6560816970121	-6.60238858301084	2	857
CGCATACAAAACATCGTGGCTTCA	-0.185363649614763	26.9985007569242	5	2146
CGCATACAAGCAGGAACCTCCTGA	8.09308254903406	-5.99419536330129	2	880
CGCATACAAGTGGTCAATCATTCC	-21.837499480012	-1.9732401806902	1	1883
CGCATACACCATCCTCTGGTGGTA	15.9670687720131	7.61968698749899	3	312
CGCATACACCTCTATCAATGTTGC	7.77390167915924	11.9979654748814	3	3494
CGCATACAGAGTTAGCCACCTTAC	-0.402673075230645	29.2041616324032	5	1160
CGCATACAGAGTTAGCGGAGAACA	11.3595190099269	2.03881001540392	2	837
CGCATACAGCGAGTAAGGTGCGAA	14.6717950108217	-2.54098293805973	2	877
CGCTGATCACACGACCCGACACAC	-15.8216612393549	-5.15600622457523	1	1855
CGCTGATCAGTCACTAATAGCGAC	-16.5689473727071	-3.71419786411998	1	1486
CGCTGATCAGTGGTCAAACGTGAT	-24.3037165509089	-1.2530848046436	1	2627
CGCTGATCCACTTCGAGTGTTCTA	28.2069281880882	-7.89046088892886	6	893
CGCTGATCCCAGTTCACCGTGAGA	-16.5881388025062	-14.9308252203411	1	2602
CGCTGATCCGAACTTAAGATCGCA	4.61445177891219	21.9171994693119	5	3217
CGCTGATCCGGATTGCAATCCGTC	29.11615068327	-10.9317227770426	6	1049
CGCTGATCTTCACGCAACATTGGC	2.5593128585177	7.49911939018264	3	3407
CGGATTGCAAACATCGCAGCGTTA	10.3965596615801	16.9570909437949	3	3703
CGGATTGCACAGATTCTCTTCACA	1.16363180800265	27.4139365843018	5	2197
CGGATTGCACCACTGTATGCCTAA	-13.648644295401	-11.6294550689855	1	2051
CGGATTGCACCACTGTCCGAAGTA	-17.1348455423523	-11.4187409784015	1	2316
CGGATTGCAGTACAAGATGCCTAA	16.9746706171308	-8.20156002914093	2	947
CGGATTGCCAATGGAACGCTGATC	-11.2048958439042	-11.8213541716675	1	1943
CGGATTGCCAGATCTGGTCTGTCA	27.6739860565764	-11.0784276027853	6	773
CGGATTGCCCGACAACCATCAAGT	-10.2504421438105	-16.5528335313313	1	2659
CGGATTGCCGACACACCTGGCATA	2.80192225617458	5.77110818804723	3	3150
CGGATTGCGACTAGTACAGATCTG	11.1962831411629	-3.95656440117517	2	909
CGGATTGCTGGCTTCACCATCCTC	-21.6537560010549	-2.76877867492858	1	1765
CGGATTGCTGGTGGTACAATGGAA	15.9992848548847	7.59494068130289	3	136
CTAAGGTCAACGTGATACAGATTC	4.32957978031836	10.8162811017887	3	987
CTAAGGTCAACTCACCCCGAAGTA	-14.7226095548717	-6.92913656050595	1	1727
CTAAGGTCAAGGACACGACAGTGC	-14.3391301118524	0.259249943509718	1	980
CTAAGGTCACCACTGTGCCACATA	-16.3364913168332	-4.55267809530361	1	1850
CTAAGGTCACTATGCAGATAGACA	-4.06099343376303	10.2353592680823	3	1106
CTAAGGTCAGCAGGAAACTATGCA	-15.191443957446	-6.22786300211501	1	1858
CTAAGGTCAGTCACTAGTCGTAGA	3.50453024615592	-1.23329857772025	3	4338
CTAAGGTCATCATTCCGCCACATA	-2.69514781187096	9.97749985344531	3	2924
CTAAGGTCATCCTGTAGAATCTGA	-21.9175021710034	-5.94680229982555	1	2051
CTAAGGTCCAAGACTAAACTCACC	5.2706853349892	25.7968407931846	5	3308
CTAAGGTCCAATGGAAGTGTTCTA	9.01729850002282	-7.11735789213986	2	882
CTAAGGTCCATACCAATGGCTTCA	8.98336417503977	-3.14816142805599	2	832
CTAAGGTCCCAGTTCAACAAGCTA	2.81373186690973	9.30192999804206	3	3282
CTAAGGTCCCGAAGTACCTCCTGA	-17.3803376113919	-2.87905189288203	1	1443
CTAAGGTCCTAAGGTCACAGATTC	-14.8362366054999	-15.0220636310293	1	2374
CTCAATGAAAGGTACAAACGCTTA	-9.83931596215419	-14.1175300045801	1	2346
CTCAATGAACAAGCTACAAGGAGC	7.29598755747384	7.53904724290308	3	3816
CTCAATGAATAGCGACACGCTCGA	-7.00226680916377	16.1188170169552	4	936
CTCAATGACACTTCGAAATCCGTC	-15.9257353315657	-13.8284772319107	1	2124
CTCAATGACATACCAACCAGTTCA	-18.2380130444683	-12.4572316778028	1	2273
CTCAATGAGACTAGTAAGATCGCA	-5.92750986538814	14.6132418027307	4	2107
CTCAATGAGATAGACACAACCACA	15.0024437152341	-5.51708463607264	2	1079
CTCAATGAGGAGAACAAGCCATGC	28.600275590446	-10.7058913549933	6	893
CTCAATGATATCAGCAGCGAGTAA	-12.3999990470459	-12.9386691660764	1	2022
CTCAATGATCCGTCTACAGATCTG	3.45000273310816	28.6134299507622	5	2828
CTGAGCCAAAACATCGCCAGTTCA	9.53562257881175	17.8668105293813	3	2243
CTGAGCCAAACGTGATCGGATTGC	6.00537643716258	4.13165033163627	3	3814
CTGAGCCAAAGAGATCACCTCCAA	-22.8428794467267	-3.25764907055722	1	1661
CTGAGCCAACAGATTCCAAGACTA	-13.0150873821284	-10.7660937385526	1	1934
CTGAGCCAAGATCGCAGAATCTGA	1.80691305865895	16.3129337942238	4	2859
CTGAGCCAAGTCACTACCTCCTGA	29.5427998525834	-11.7869859880444	6	833
CTGAGCCACAAGGAGCCGGATTGC	16.4023820783481	-4.66718330259713	2	912
CTGAGCCACCGTGAGAACGTATCA	3.46188820752143	25.7948165829463	5	2565
CTGAGCCACTGTAGCCCCAGTTCA	26.7473256132359	-10.0793614445717	6	859
CTGAGCCAGTGTTCTATCTTCACA	13.128552415777	-6.27227088789586	2	1032
CTGAGCCATAGGATGAACAGATTC	-3.49347356478964	16.9220130339008	4	2655
CTGAGCCATGGCTTCACAACCACA	-11.3922165555004	-11.0189572162943	1	1985
CTGGCATAAATCCGTCCAGCGTTA	-7.64965161581947	17.0688387756784	4	1064
CTGGCATAACAGATTCAAGGACAC	-0.529022960043308	15.037925677927	4	2921
CTGGCATACAAGGAGCACACAGAA	12.7627575480092	-5.55023598660857	2	1124
CTGGCATACAATGGAATATCAGCA	11.5811866652672	-0.650725232635119	2	859
CTGGCATACCATCCTCACCACTGT	14.4861883405297	-3.51438783647293	2	1043
CTGGCATAGAGCTGAAAACGTGAT	-14.2502595651015	-14.0393299721954	1	2059
CTGGCATAGTACGCAATATCAGCA	-20.8580415760903	-3.75171522844823	1	1845
CTGGCATATGGAACAAACCTCCAA	-22.4374782417445	-2.32712178730407	1	2105
CTGTAGCCAAGAGATCAAGACGGA	-18.9361396442089	-7.70747640486183	1	1474
CTGTAGCCCAACCACAACATTGGC	-3.43153637790127	13.549927746241	4	2638
CTGTAGCCCAAGACTAGATAGACA	-1.04941442458114	17.9082639761246	4	2093
CTGTAGCCCAAGGAGCGGTGCGAA	2.90300603752583	5.66130337487593	3	3610
CTGTAGCCCAGATCTGACAGATTC	-3.57826360155489	6.93502426810671	3	915
CTGTAGCCCGGATTGCACACAGAA	4.92641237037056	26.34162704464	5	3295
GAACAGGCAACGTGATCTGGCATA	-20.0256520120601	-8.95353577973382	1	1661
GAACAGGCACGCTCGAAAGGTACA	5.05662846925256	0.586333528995698	3	3987
GAACAGGCAGAGTCAAACATTGGC	7.55478059736771	-21.973871868569	7	742
GAACAGGCATTGGCTCAGCCATGC	-16.928306161559	-12.7465941140683	1	2194
GAACAGGCCGCATACATGGAACAA	-19.9912170869431	-3.47451487082653	1	1692
GAACAGGCCTGAGCCAACACAGAA	6.32547554148724	4.97802736346221	3	3739
GAACAGGCCTGAGCCAACCACTGT	9.46966247258741	-2.03068223974866	2	838
GAATCTGAAAACATCGAAGACGGA	-11.8663996535086	-8.31061753082771	1	1570
GAATCTGAAAGACGGAAAGGTACA	1.31944329460601	1.06113586824128	3	773
GAATCTGAACAAGCTAAGATGTAC	4.7112564517126	6.03414560970235	3	3788
GAATCTGACACTTCGAGAATCTGA	-14.3408888294041	-3.6370728804154	1	1576
GAATCTGACACTTCGAGATGAATC	0.214044488369666	8.58878190283252	3	3147
GAATCTGACCGTGAGACCAGTTCA	4.79786213740291	25.3925092256334	5	3352
GAATCTGACCGTGAGAGCCACATA	15.1411601669436	-4.41585297196248	2	1331
GAATCTGACGACACACACACGACC	12.7372420530799	-1.28880768583913	2	855
GAATCTGACGACACACACAGCAGA	-20.6541566117954	-4.56207980698446	1	2063
GAATCTGATATCAGCAAATCCGTC	12.6022238586131	-10.315167063509	2	974
GAATCTGATCTTCACAGCCACATA	12.780386388075	-5.714842890083	2	1156
GAATCTGATGGCTTCACAGATCTG	29.1745453503529	-7.24042410124463	6	881
GACAGTGCAACTCACCACACGACC	9.19189931407211	11.2041823078927	3	4411
GACAGTGCACAGCAGAACATTGGC	-18.4396217982567	-8.45261070487728	1	1531
GACAGTGCATCCTGTAGCCACATA	3.44790313570171	29.1538851652041	5	2942
GACAGTGCCATCAAGTGCCACATA	-18.4332683194637	-12.0949315776418	1	1976
GACAGTGCCCTCTATCAGAGTCAA	9.69579851955504	10.1608790837185	3	4991
GACAGTGCCGACACACCTGAGCCA	-18.8056208867391	-3.17189192366168	1	1896
GACAGTGCCGACACACGGTGCGAA	-10.3430574101249	-14.6858901079255	1	2410
GACAGTGCGAATCTGACATACCAA	7.44781797444024	11.1127216844025	3	3772
GACAGTGCGTCTGTCAGAATCTGA	0.430609657260672	9.12779059859538	3	3308
GACAGTGCGTGTTCTAAATGTTGC	-2.4336192732454	14.8045535473311	4	2628
GACTAGTAACACAGAAAGCACCTC	13.0721543034624	-9.00953978935882	2	901
GACTAGTAAGCACCTCCCTCCTGA	8.15900223734018	-21.442355553805	7	1439
GACTAGTAAGCAGGAATATCAGCA	1.83173922673295	20.9302597057042	5	2628
GACTAGTAAGCCATGCCACCTTAC	-12.3065658032499	-17.6894173483187	1	2543
GACTAGTAATCCTGTACATACCAA	-0.911916723150586	14.2514890630371	4	2853
GACTAGTACAACCACATGGCTTCA	-5.81015143807672	-8.1079924910106	1	1407
GACTAGTACACCTTACGAATCTGA	-19.4427016171454	-9.97890030320384	1	1599
GACTAGTACACTTCGAAGCCATGC	11.5929662701525	1.56169413610742	2	1189
GACTAGTACCGTGAGACAATGGAA	9.78530917779195	-6.69360929897125	2	858
GACTAGTAGGTGCGAAGTACGCAA	-15.3558334170496	-3.16555996828515	1	1504
GACTAGTATAGGATGAAAGACGGA	-14.1718359180051	-14.4800297600234	1	2369
GACTAGTATGGAACAACTGGCATA	1.23840964873933	25.7818087353539	5	2942
GAGCTGAAACAAGCTACAAGACTA	12.1213886327634	-3.09807883362289	2	1031
GAGCTGAACAAGGAGCCATACCAA	-17.2873415539178	-13.3970869599685	1	1993
GAGCTGAACAGCGTTACATACCAA	-16.7381564700909	-15.6281909464993	1	2464
GAGCTGAACCAGTTCAGTACGCAA	-11.2722627533941	-12.1769569272171	1	1942
GAGCTGAACCTCTATCGACTAGTA	11.3524825374891	-7.73518651734644	2	927
GAGCTGAAGCCAAGACACATTGGC	-12.4879381530407	-10.0943490781393	1	1752
GAGCTGAAGCCACATAGTCGTAGA	7.78019091301329	-5.52088585484829	2	1006
GAGCTGAATCTTCACAGCCAAGAC	-3.65404049233134	18.3798941013178	4	2053
GAGCTGAATGGCTTCAGTCGTAGA	0.972468439362558	15.2198370819899	4	3079
GAGTTAGCACACAGAACCGAAGTA	-17.7250588232091	0.214941349623401	1	1177
GAGTTAGCAGCCATGCAGATGTAC	27.1904064625581	-9.02990956779092	6	1020
GAGTTAGCCAACCACACCATCCTC	28.4853300746149	-8.78866719279942	6	971
GAGTTAGCCAAGACTAGAATCTGA	15.9209855776759	7.5944580392088	3	319
GAGTTAGCGCGAGTAAACACAGAA	-19.93821777554	-2.53849080754327	1	1504
GATAGACAAATGTTGCAATGTTGC	16.3024805725232	-5.7442205884466	2	1085
GATAGACAACAGCAGAAGATGTAC	4.95258234304311	22.0669216611222	3	3388
GATAGACAAGCACCTCGCTAACGA	-14.654687793609	-12.8593714545732	1	2118
GATAGACAAGTCACTAGAATCTGA	-20.6012142810769	-12.2293909032429	1	2182
GATAGACACATACCAAATCCTGTA	10.5125093147369	-4.13292162579779	2	962
GATAGACACCAGTTCAAACGCTTA	6.74608175120477	25.8321831735295	5	3805
GATAGACACCTAATCCGAACAGGC	8.85197796701183	-9.43384892946388	2	984
GATAGACACCTCCTGAATAGCGAC	5.390465349855	8.52263345790116	3	3740
GATAGACACGGATTGCGAACAGGC	-21.8531962876281	-3.45889621961934	1	1942
GATAGACACTCAATGAAGATCGCA	12.2620486298952	-1.83680732184476	2	1000
GATGAATCACAGCAGAAAGGACAC	-7.0789202243564	13.5820939252342	4	920
GATGAATCACATTGGCCTGGCATA	-24.0632040210686	-1.53371744159112	1	2475
GATGAATCACGTATCAGAGCTGAA	-2.24110721793814	14.6129469678992	4	2826
GATGAATCACTATGCAACAGCAGA	15.3040623292953	-4.10730820894552	2	964
GATGAATCATAGCGACATCATTCC	11.6547529870808	-8.95129415435091	2	805
GATGAATCATTGGCTCCCTAATCC	-15.6544195202952	-3.45714800565591	1	1449
GATGAATCCTAAGGTCCACCTTAC	6.12169132364089	25.8960133182406	5	3209
GATGAATCGACTAGTAATAGCGAC	-0.70234045114602	14.1015886398243	4	2941
GATGAATCGACTAGTATAGGATGA	-1.52632517406895	16.3287392480042	4	2507
GATGAATCGATGAATCCTGTAGCC	-11.8560874577249	-18.3682679605881	1	2634
GATGAATCGCCACATACCGACAAC	3.50699742610528	14.650482620464	4	3017
GATGAATCGGTGCGAAACATTGGC	12.5535994754102	-10.7413859294747	2	920
GATGAATCGTACGCAATATCAGCA	-1.30836391575512	26.45185669738	5	1498
GATGAATCGTCTGTCACGCATACA	-3.957416825313	15.7754281777441	4	2089
GATGAATCTAGGATGACCTCTATC	8.97115386361897	-10.7213836965824	2	1059
GATGAATCTCTTCACATCTTCACA	-8.59385136452264	15.1154864343734	4	870
GCCAAGACAACGTGATAAGAGATC	-11.9170975918264	-13.3488228817244	1	2178
GCCAAGACAACGTGATTTCACGCA	-11.9646937171151	-13.2225167554334	1	2013
GCCAAGACACGCTCGAATCATTCC	6.82031538223302	5.21218208810285	3	3932
GCCAAGACACGTATCAGCTAACGA	9.59723312595612	16.5753734091183	3	2715
GCCAAGACAGCAGGAAAGTGGTCA	-15.9489686605091	0.997716243004069	1	1714
GCCAAGACCATCAAGTAGTACAAG	11.9496044788652	-11.3923458026916	2	894
GCCAAGACCCGAAGTAATTGAGGA	3.63576483342099	16.8887611802819	4	2999
GCCAAGACGAATCTGACAGCGTTA	22.1750888756576	-6.75233519784434	6	1021
GCCAAGACGAGCTGAACTGTAGCC	-1.09484085179487	10.3857247776617	3	2984
GCCAAGACGAGTTAGCAGAGTCAA	-10.7177780005298	-4.17007707911355	1	1246
GCCAAGACGATGAATCGTCTGTCA	-1.68864915133168	11.7400939154296	4	3081
GCCAAGACGATGAATCTGGTGGTA	-4.92209004436806	15.2194289631778	4	2401
GCCACATAATCCTGTACAATGGAA	-13.8728553530404	-7.52069784937302	1	1261
GCCACATACGAACTTAACACAGAA	7.68678896854725	-21.6967654627215	7	1128
GCCACATACTAAGGTCAACTCACC	10.3707093487576	-6.46731262803946	2	805
GCCACATACTAAGGTCCAATGGAA	11.1581988642398	-2.19665241437081	2	928
GCCACATACTGAGCCAAACGCTTA	1.505155501431	10.8734785988265	3	3079
GCCACATATCCGTCTAACGTATCA	-6.15540404679648	-12.879665098719	1	2795
GCCACATATGGCTTCATCTTCACA	-0.656423011942718	13.2806746710827	4	3000
GCGAGTAAAACGCTTATGGAACAA	6.11176340734578	4.75010271359187	3	3382
GCGAGTAAAAGGACACATTGAGGA	31.2038564339224	-9.18160671802031	6	1066
GCGAGTAAAAGGACACCTGAGCCA	-21.7839803885692	-8.31059335596958	1	2013
GCGAGTAAACACGACCAGCCATGC	-4.50662423916777	13.436680874876	4	2225
GCGAGTAAAGATGTACGAGTTAGC	-1.0706986320127	10.3107956463789	3	3089
GCGAGTAAATAGCGACCCGAAGTA	3.09148856263645	27.297226634559	5	2932
GCGAGTAACAGCGTTAAATCCGTC	29.8607697084309	-9.48936407390747	6	986
GCGAGTAAGACAGTGCAGATGTAC	4.41003325597512	26.1752823221991	5	2553
GCGAGTAAGCTAACGAGCCAAGAC	3.06283173404054	14.2508924145463	4	3012
GCGAGTAATTCACGCACAAGACTA	10.013431003932	-2.9507424378083	2	883
GCTAACGAAACGCTTAACGTATCA	28.5581340906725	-9.18284633209288	6	926
GCTAACGAAAGACGGACGACACAC	-18.7989387978177	-1.44388702585543	1	1483
GCTAACGAAAGGTACAAACGTGAT	-20.0652061454412	-7.12370856909037	1	1408
GCTAACGAACCACTGTTAGGATGA	4.32977002732569	4.92192869574385	3	3623
GCTAACGAATCATTCCCGCTGATC	26.108242548612	-10.7154230660719	6	953
GCTAACGACCTAATCCAGTACAAG	-20.4016847444118	-10.0904443496337	1	1505
GCTAACGACCTCCTGATATCAGCA	27.6229497364109	-11.6692273475377	6	860
GCTAACGACGACACACATCATTCC	6.35700853214778	5.46107484872534	3	3567
GCTAACGACGCTGATCAGGCTAAC	-16.3393006859184	-3.50288230904106	1	1659
GCTAACGACGGATTGCCTGTAGCC	21.9556761884879	-6.6903085666037	2	1186
GCTAACGACTAAGGTCAACCGAGA	-10.4716632343591	-10.6114149293766	1	2008
GCTAACGAGACAGTGCAGCACCTC	-11.0032960148677	-5.96189598511143	1	1414
GCTAACGAGACAGTGCGATAGACA	-11.8134612433323	-6.25435580756106	1	1658
GCTCGGTAACATTGGCTCCGTCTA	-16.5186873970346	-2.81912487650034	1	1281
GCTCGGTAACCACTGTTCCGTCTA	11.1024224099478	16.7725637979828	3	4568
GCTCGGTAAGTCACTAAACTCACC	-19.3427943879719	-11.2875889776959	1	1875
GCTCGGTAATTGAGGAATTGAGGA	-20.4576410706437	-7.23968214956538	1	1780
GCTCGGTAATTGGCTCGCCACATA	4.883679741895	2.15101862212867	3	4117
GCTCGGTACCGACAACGAACAGGC	2.16070963564158	15.4107880803752	4	2915
GCTCGGTACCGACAACTGAAGAGA	2.35257918614714	14.559900095705	4	3151
GCTCGGTAGAATCTGACCTCTATC	-20.5105167445845	-14.725748071985	1	1237
GCTCGGTAGAGTTAGCTGGCTTCA	7.8716125743601	-3.180285615399	2	826
GCTCGGTAGATGAATCGTACGCAA	-15.1215778364688	-16.9923649648674	1	3112
GCTCGGTATGGTGGTAAACCGAGA	11.2463112095514	-7.65941411985987	2	866
GGAGAACAACAGATTCGAACAGGC	28.4610666842561	-9.55704102050044	6	946
GGAGAACAACTATGCAATAGCGAC	28.4828042311293	-11.3458943582692	6	800
GGAGAACAAGAGTCAAATGCCTAA	-15.3965939506867	-13.4139162899711	1	2256
GGAGAACAAGATCGCAACGTATCA	-0.848496820624765	19.180262792945	4	2856
GGAGAACAAGCAGGAATTCACGCA	4.95338997919603	13.7030392348506	3	3358
GGAGAACAAGGCTAACAGGCTAAC	7.94842363679805	-0.699223840236945	2	816
GGAGAACAATGCCTAAACACGACC	-14.1174722264402	-6.28047887295046	1	1797
GGAGAACAATTGGCTCCTGAGCCA	10.0939634158336	4.05157654744317	3	818
GGAGAACACCATCCTCTGAAGAGA	-16.3449601906258	0.117449109749601	1	1216
GGAGAACATAGGATGATGAAGAGA	-18.9276967189017	-5.31163487059775	1	1895
GGAGAACATGGTGGTACCATCCTC	5.356544237408	1.17677156272181	3	3934
GGTGCGAAACAAGCTAAAGGTACA	-0.364431735805993	18.1183867409824	4	2610
GGTGCGAAACAAGCTAATCCTGTA	5.40520237009594	-0.250267213661644	3	4313
GGTGCGAAACCTCCAACTCAATGA	-8.51245592315812	-17.9519913428849	1	3032
GGTGCGAACACTTCGATCCGTCTA	3.09168851555799	21.1026231502975	5	2752
GGTGCGAACATACCAACAAGACTA	-0.981603414416971	10.2122564055074	3	3043
GGTGCGAACCGACAACCAATGGAA	29.5852137087347	-10.8067281140507	6	880
GGTGCGAACGCATACAAAACATCG	18.4757028048553	-7.89959134132839	2	1121
GGTGCGAACTCAATGAGGTGCGAA	-11.9085344447292	-15.3462972951969	1	2433
GGTGCGAATGGCTTCACAGCGTTA	3.42455958032195	27.5770796942708	5	2755
GTACGCAAAGGCTAACAATCCGTC	-6.81738242265921	-6.90343662163257	1	1864
GTACGCAAAGGCTAACCTCAATGA	6.54327377560107	7.93644555703135	3	3564
GTACGCAACACCTTACGGTGCGAA	9.67684057095552	17.6412710641476	3	2801
GTACGCAACACCTTACGTCGTAGA	8.58287997467846	12.0668566589048	3	3375
GTACGCAAGCCACATAGTCGTAGA	1.53195180084336	15.0714081853055	4	2999
GTACGCAAGTGTTCTACTAAGGTC	7.70686090258867	-8.31088769028868	2	963
GTCGTAGACCGACAACGAACAGGC	12.2943226398809	-9.60992624667534	2	832
GTCGTAGACCGTGAGAAGCAGGAA	-2.42569240384987	16.7297098862088	4	2406
GTCGTAGAGACAGTGCCGCATACA	-11.7401027209677	-12.6998091500892	1	1899
GTCGTAGAGAGTTAGCAAGACGGA	-17.7729783820813	-6.62022911857554	1	1730
GTCGTAGAGCCACATACACCTTAC	-11.7643668888463	-17.3637990057903	1	2497
GTCGTAGAGTCGTAGAACACAGAA	-10.6811768753377	-12.9253029421402	1	2067
GTCTGTCAACGTATCACAAGGAGC	7.27072794265774	-2.75356980503176	2	1176
GTCTGTCAAGTCACTAAATCCGTC	-10.6485057037465	-5.4006650034667	1	1232
GTCTGTCAATTGAGGAAGTCACTA	-21.2476778233731	-7.37659164574378	1	1642
GTCTGTCACTGAGCCAGAACAGGC	-0.542959022405147	26.9576493595758	5	1997
GTCTGTCACTGAGCCATATCAGCA	-11.4724864623859	-17.0900429450094	1	2551
GTCTGTCACTGTAGCCTTCACGCA	-13.5179378024614	-18.9969929732544	1	2290
GTCTGTCAGACTAGTAAAGGTACA	-2.80279905050934	13.8960055687475	4	2524
GTCTGTCATCTTCACAGTCTGTCA	7.327601000497	7.80602528323914	3	3841
GTGTTCTAAAGGTACAGGTGCGAA	-7.48386090231435	16.9612058030129	4	975
GTGTTCTAAGGCTAACCGACTGGA	8.03615833835717	-5.68974110908686	2	827
GTGTTCTAATCATTCCACACAGAA	-16.8073433087622	-9.64506074212861	1	2091
GTGTTCTAATTGGCTCCATCAAGT	27.1221317671719	-8.88225443033656	6	848
GTGTTCTACAACCACAAACCGAGA	3.76794227917876	27.5787533017352	5	2878
GTGTTCTACAAGACTAAAGGACAC	-20.5227138890845	-2.85041853886946	1	1563
GTGTTCTACACCTTACAGCAGGAA	-19.99891271372	-5.07832688562746	1	1904
GTGTTCTACCTCTATCAGTCACTA	25.1589359593186	-10.3758078464555	6	990
GTGTTCTACGACACACGAATCTGA	-14.5912792177245	-3.82518552830008	1	1363
GTGTTCTACGCTGATCACCACTGT	-14.330798391287	-12.9636333658854	1	2408
TAGGATGAAAGGACACAATGTTGC	23.9008609336032	-10.678192066209	6	1258
TAGGATGAACGTATCACCATCCTC	18.5205476845755	-5.52179637263715	2	1343
TAGGATGAAGATCGCAGCTAACGA	-9.19909619295499	14.767143556493	4	1487
TAGGATGACGGATTGCAATGTTGC	28.3797644413674	-7.43142763280441	6	875
TAGGATGACTGAGCCAGTGTTCTA	-7.92868282431159	-15.8366703430789	1	2776
TAGGATGAGAGTTAGCGAGCTGAA	26.3151648825777	-11.6908489306658	6	1114
TAGGATGATGGCTTCAAGTGGTCA	6.2024984518853	26.4334696465738	5	3193
TAGGATGATGGTGGTAAACGCTTA	-2.26139305680071	13.2374498738517	4	2998
TATCAGCAACCTCCAAACAGATTC	9.55677775089397	-2.1261718574435	2	986
TATCAGCAAGATGTACGCCAAGAC	-6.31388826944229	16.0792480168712	4	884
TATCAGCACAACCACAACAAGCTA	-4.91743571081309	15.1504681763854	4	2630
TATCAGCACAAGACTAAATCCGTC	4.90623623126972	1.2568350100789	3	4065
TATCAGCACAGATCTGGTGTTCTA	-24.2077248217649	-2.62279804915042	1	2520
TATCAGCAGACTAGTAACACAGAA	-22.8978731978668	-7.82872149005005	1	1502
TATCAGCAGCCAAGACCGCTGATC	15.5840853413487	-5.76679262998992	2	1318
TCCGTCTAAACGCTTAGTACGCAA	-12.6643908192327	-17.2750363465459	1	2455
TCCGTCTAACACAGAAACGTATCA	-14.5740148912666	-5.81245070724399	1	1393
TCCGTCTAACAGCAGAATAGCGAC	0.579574409255213	27.1260348059303	5	2102
TCCGTCTAACCTCCAAACGTATCA	-13.6627624209479	-16.5404105332764	1	2146
TCCGTCTAAGAGTCAAGTCGTAGA	3.55570402763335	16.9031596545684	4	2666
TCCGTCTAAGATCGCAAAGACGGA	-14.2373181148026	-0.623319514879838	1	1011
TCCGTCTACCGACAACGAGCTGAA	-2.2148430747937	14.2605342827651	4	2813
TCCGTCTAGACAGTGCCTGAGCCA	-5.68971935786778	14.6249617640963	4	1695
TCCGTCTAGACAGTGCGCTCGGTA	1.05530379913636	10.872054062021	3	3297
TCCGTCTATCCGTCTAAAGACGGA	-16.9620495371706	-16.8331317271449	1	1652
TCTTCACAAAGGACACTAGGATGA	5.46047844685189	5.91307548485058	3	3786
TCTTCACAACAAGCTAACACAGAA	2.08704641843319	7.34071085883155	3	3500
TCTTCACAACACGACCGAACAGGC	2.20824517396941	9.88042656127947	3	3521
TCTTCACAACGTATCAATGCCTAA	-14.689963902831	-5.7626174929483	1	1403
TCTTCACAATGCCTAAATCATTCC	-4.09931990980162	16.126347655454	4	2339
TCTTCACACAAGACTATCCGTCTA	18.9833204581298	-4.86352590010956	3	1169
TCTTCACACACTTCGATGGTGGTA	29.0632811335937	-9.04694637013467	6	853
TCTTCACACCAGTTCAACGTATCA	-13.468412153245	-15.3932837531667	1	2313
TCTTCACACCTAATCCCAATGGAA	-11.7620097742311	-8.74072828477008	1	1630
TCTTCACACGACTGGACATCAAGT	3.9852247070766	25.0214478917676	5	2594
TCTTCACACGCTGATCACCACTGT	-17.6728994218275	-6.52396074936756	1	1418
TCTTCACACTAAGGTCGAGCTGAA	-9.05218094781348	14.8682288740577	4	1268
TCTTCACACTGAGCCACATCAAGT	1.76896607955924	8.46010112547298	3	3416
TCTTCACAGAGCTGAACACTTCGA	28.869425324977	-10.4269699098799	6	809
TCTTCACAGCCACATACATACCAA	-10.4432390207026	-11.3399967803552	1	2116
TGAAGAGAAAACATCGGATGAATC	-13.3940583612482	-17.133071567584	1	2375
TGAAGAGAAAGACGGAATAGCGAC	2.73774768790954	6.81870624020274	3	3155
TGAAGAGAATAGCGACAGAGTCAA	0.381659909550906	26.9582760786716	5	2227
TGAAGAGACAATGGAACACTTCGA	7.30161345968103	6.99810967351371	3	3510
TGAAGAGACGCATACAAAGAGATC	-20.6103683691955	-7.71965773110532	1	1802
TGAAGAGACGGATTGCATTGAGGA	-9.57987083619209	-14.8594021682101	1	2453
TGAAGAGACTCAATGATGGAACAA	29.3368029299256	-8.39272506896917	6	913
TGAAGAGAGAGCTGAATATCAGCA	-9.48474168187654	14.1730144079827	4	1075
TGAAGAGAGATGAATCTTCACGCA	-10.1444953405081	-13.5026779146876	1	2303
TGAAGAGAGCGAGTAACGCATACA	25.6595414879281	-11.0855661517859	6	1049
TGAAGAGAGGAGAACAGCCAAGAC	28.9510623492777	-12.0525774857994	6	970
TGAAGAGATGGAACAACAACCACA	11.546000605863	-3.40007302850446	2	878
TGGAACAAAAACATCGATCATTCC	11.2441604865396	-4.83858514880148	2	1041
TGGAACAAAACAACCAAGATCGCA	8.28145992553393	-7.53134891996235	2	873
TGGAACAAAACGCTTAACACAGAA	-23.0056220486655	-5.71013913415537	1	1865
TGGAACAAAAGGACACAGATGTAC	24.7366227874247	-9.40894040099767	6	894
TGGAACAAAAGGTACATCTTCACA	16.000876086691	7.59777600978909	3	129
TGGAACAAAGATGTACACCTCCAA	27.7345137215865	-11.134461989139	6	784
TGGAACAACATCAAGTAGTCACTA	-6.23186878927868	-7.04710749248837	3	1270
TGGAACAACCGACAACATTGGCTC	12.8626911128572	-4.19215035466683	2	947
TGGAACAACGACTGGAGTCTGTCA	28.1368609642946	-10.045221005409	6	805
TGGAACAACTGGCATAATCATTCC	-8.18248212416288	-15.87505130772	1	2851
TGGAACAAGAACAGGCAGCCATGC	7.86974462350527	-22.3803563794557	7	1083
TGGAACAAGAACAGGCTGGTGGTA	29.1015170397719	-8.38940169681721	6	794
TGGAACAAGTACGCAAAACTCACC	-7.16341572380328	-16.1204312833423	1	3807
TGGAACAATAGGATGACGAACTTA	12.3735665304716	-3.07906638990832	2	913
TGGCTTCAACCACTGTAGATGTAC	0.169161421451911	10.0362719266403	3	3116
TGGCTTCAACCTCCAAAGCCATGC	3.80635729157301	4.47764298083275	3	3706
TGGCTTCAAGATCGCACCGAAGTA	0.294343445081809	26.8119324151783	5	2147
TGGCTTCAAGCCATGCGAGCTGAA	-5.32419590076212	17.1695254528375	4	1679
TGGCTTCAAGTGGTCACCGACAAC	30.3490917346627	-11.7385946743016	6	1033
TGGCTTCACCAGTTCAAGGCTAAC	-14.9436934799872	-10.0339268605739	1	1960
TGGCTTCAGTCGTAGACACCTTAC	5.86028160521225	25.9376961952009	5	3384
TGGCTTCATTCACGCAACGCTCGA	-1.04986192837021	-13.3872638190063	1	3777
TGGTGGTAAGATGTACCGACACAC	-0.755710548743	16.9542001828355	4	2434
TGGTGGTAAGCAGGAACTGTAGCC	-21.8662573987944	-5.91884553578802	1	1801
TGGTGGTAAGTCACTATGGCTTCA	0.119390283359793	15.4870878435092	4	2682
TGGTGGTACCGTGAGATGGAACAA	12.6509091321621	-5.7054945165786	2	1005
TGGTGGTACCTAATCCACAAGCTA	-16.2923082359075	-4.62285901210201	1	1561
TGGTGGTACGACTGGAGCCACATA	3.60790867539808	28.9399560992342	5	2625
TGGTGGTACTGAGCCAGAATCTGA	-15.1249969991498	-4.4487722351815	1	1554
TGGTGGTAGCGAGTAACAACCACA	3.77901038210633	13.527926879873	3	3121
TGGTGGTAGGAGAACACAATGGAA	4.24650195192381	14.1155336245054	3	3367
TTCACGCAAACAACCACCAGTTCA	-22.3329858189773	-4.64352423296642	1	2158
TTCACGCAAAGGTACACTGTAGCC	-14.9244192268381	-5.91857450213801	1	1655
TTCACGCAAATGTTGCCTAAGGTC	-12.2792741313963	-4.99903739434417	1	1949
TTCACGCAACCTCCAAAATGTTGC	1.99485649625095	11.8516354596808	3	3299
TTCACGCACAACCACACATACCAA	-20.2447530232492	-1.73122796805743	1	1522
TTCACGCACATCAAGTCCTCTATC	-15.0426801482182	-1.42987584287378	1	1063
TTCACGCACCATCCTCGTACGCAA	13.7858005926127	1.01164954777157	2	959
TTCACGCACCGTGAGACCGACAAC	27.2115648685867	-8.67845044988896	6	837
TTCACGCACGACTGGACGCTGATC	-13.3168021669113	-12.8915048690696	1	2113
TTCACGCACGCTGATCCGACTGGA	1.50209203297864	20.5071833072053	4	2499
TTCACGCATAGGATGAACGCTCGA	-19.5708847573825	-10.3889488060871	1	1909
TTCACGCATATCAGCACTCAATGA	-5.70019458497562	16.4076124906281	4	1072
