barcode	tSNE_1	tSNE_2	cluster	Gene_Counts
AAACATCG_AAACATCG_CCTCTATC	-13.115079104195699	-16.3938413442029	1	2227
AAACATCG_ACACGACC_AATGTTGC	28.0785962059218	-10.812386903329001	6	897
AAACATCG_ACATTGGC_GGAGAACA	11.2984740912457	-8.47268256708637	2	985
AAACATCG_ACGTATCA_AGAGTCAA	-17.2405509512317	-9.58486363185642	1	2454
AAACATCG_ATGCCTAA_AGTCACTA	-6.312338659492968	15.6323557309553	4	1384
AAACATCG_CAAGGAGC_CATCAAGT	5.23383980122655	26.6677560190516	5	3110
AAACATCG_TCTTCACA_GATGAATC	4.679266398739482	2.6796815490681203	3	3830
AACAACCA_ACGCTCGA_CGCATACA	3.5677579372697097	10.6242834013923	3	3119
AACAACCA_AGAGTCAA_CGCATACA	-1.2714007583183502	14.370845389894304	4	3068
AACAACCA_AGATCGCA_TTCACGCA	-8.216506650053299	-16.715970795182	1	3041
AACAACCA_CACCTTAC_ACAGATTC	-1.78755923914277	18.459250901438104	4	1835
AACAACCA_CTAAGGTC_CAACCACA	8.617899533387611	0.640176918880361	2	4068
AACAACCA_GACAGTGC_AAGACGGA	6.4502673170026	-4.22557740344086	2	913
AACAACCA_GCCAAGAC_ACCTCCAA	12.982612165360301	-8.235464126138071	2	893
AACAACCA_GTGTTCTA_AAGGTACA	7.73937202268685	-2.93872650211085	2	951
AACAACCA_GTGTTCTA_CGAACTTA	10.375837666538	3.725628219682259	3	818
AACAACCA_TAGGATGA_ACGTATCA	-16.2846571484247	-0.761078156320319	1	1382
AACAACCA_TCTTCACA_ACAGCAGA	1.0125831113731298	17.2603825254685	4	2230
AACCGAGA_AATGTTGC_CGACTGGA	29.678328345858894	-11.1905492609562	6	836
AACCGAGA_ACCACTGT_AACTCACC	1.01902303373877	14.1217041292661	4	2996
AACCGAGA_AGGCTAAC_ACCTCCAA	-13.6096296034045	-3.1507243762566	1	1357
AACCGAGA_AGTGGTCA_CAGCGTTA	6.44001300136978	6.34207028253749	3	3612
AACCGAGA_ATCCTGTA_AAGGTACA	-21.1574918029412	-9.25331588627467	1	1812
AACCGAGA_CCAGTTCA_CCGAAGTA	-5.26010431924458	17.3488685154991	4	1625
AACCGAGA_CGCTGATC_CAACCACA	-17.1012486711319	-15.996373446498001	1	2553
AACCGAGA_GCCACATA_CGACACAC	-15.925780365446	-7.817162038831412	1	2160
AACCGAGA_GCTAACGA_AGAGTCAA	-11.300846986225901	-16.2136294543976	1	2681
AACCGAGA_TAGGATGA_TGGCTTCA	29.5017488944328	-9.62487439602766	6	953
AACGCTTA_ACGTATCA_AGATGTAC	1.22419326616605	12.5499175494073	3	3224
AACGCTTA_ATTGGCTC_CCATCCTC	12.223400610081502	-7.598624638625469	2	901
AACGCTTA_CCAGTTCA_CATACCAA	-17.071201126668697	-4.0749675888322585	1	1810
AACGCTTA_CCGAAGTA_AACAACCA	-12.083173727328901	2.3546367470447795	1	2254
AACGCTTA_CGAACTTA_GACTAGTA	30.9579186507684	-9.49342293919235	6	961
AACGCTTA_CGCTGATC_TGGTGGTA	0.397995869518276	28.400993356085802	5	2110
AACGCTTA_GAATCTGA_AACGTGAT	-5.29710264193351	17.2065107143714	4	1694
AACGTGAT_AAGGTACA_CATACCAA	4.94770567664614	27.8552154583715	5	3288
AACGTGAT_ACACGACC_CATCAAGT	10.3176679940668	3.7265058963953	3	755
AACGTGAT_AGATCGCA_ACATTGGC	-17.8255971021218	-5.00569883846154	1	1719
AACGTGAT_AGATCGCA_CGGATTGC	-17.447523642019902	-14.3138127465097	1	2195
AACGTGAT_CATCAAGT_GATGAATC	0.125168329898303	10.1129978453753	3	3298
AACGTGAT_CCTAATCC_AATGTTGC	-15.4380643051604	-7.13914087231708	1	2003
AACGTGAT_CGCTGATC_TTCACGCA	9.76932798781556	16.580514350276403	3	3447
AACGTGAT_GCTAACGA_ACCTCCAA	-20.9669242186561	-3.56141638249471	1	1576
AACTCACC_AAGGACAC_GACAGTGC	-12.7049157968289	-12.299184936350901	1	1657
AACTCACC_ACCTCCAA_GATAGACA	-1.08111498332646	12.312458280838099	4	2665
AACTCACC_AGTACAAG_CAGCGTTA	-22.5571107304954	-2.28666482907896	1	1912
AACTCACC_ATTGAGGA_CTGGCATA	4.19172682990093	1.50445535614674	3	4189
AACTCACC_CAACCACA_CGACACAC	-4.6035464601730585	14.830420539951598	4	2375
AACTCACC_CCATCCTC_AACCGAGA	8.759903988136179	-3.82545615578804	2	830
AACTCACC_GCCACATA_AGAGTCAA	5.2913771242000704	1.94806328650482	3	4005
AACTCACC_GCTAACGA_ACCTCCAA	0.954388468431994	16.9795334069219	4	2480
AACTCACC_GGAGAACA_ACAGATTC	5.811590971405	-8.813680952764528	2	912
AACTCACC_GGTGCGAA_ATAGCGAC	0.611253721097027	9.174856610022893	3	3299
AACTCACC_TATCAGCA_AGCAGGAA	-13.0642756906143	-18.7867421271498	1	2669
AACTCACC_TTCACGCA_GCCACATA	-19.695510245662	-2.3332211678501604	1	1720
AAGACGGA_AACCGAGA_CAATGGAA	-13.5202069241765	-4.2739754473229405	1	1491
AAGACGGA_AAGAGATC_CACTTCGA	5.3466723516831	22.787422908750802	3	3429
AAGACGGA_ACACGACC_GATGAATC	-20.0560955849736	-6.6404739039952805	1	1865
AAGACGGA_AGGCTAAC_ACAAGCTA	-17.438615171991	-17.4328018060776	1	1701
AAGACGGA_CAAGGAGC_AGGCTAAC	7.66659903965793	-6.26382654649084	2	936
AAGACGGA_CAGCGTTA_AATGTTGC	-1.3095329386219	25.588443609372806	5	2354
AAGACGGA_CCAGTTCA_CTAAGGTC	14.7688300437956	-7.89922271141261	2	904
AAGACGGA_CGCATACA_CCAGTTCA	11.3716366576556	-6.268009520605661	2	950
AAGACGGA_GACTAGTA_AGCACCTC	0.8384016656313381	27.942787273283702	5	2582
AAGACGGA_GCTCGGTA_ACGTATCA	-6.5778918664445305	-7.08323984338188	1	1648
AAGACGGA_TCCGTCTA_CCGAAGTA	-14.993197318054197	-6.4163256111576406	1	1790
AAGACGGA_TGGCTTCA_ATCCTGTA	-1.3927218827140502	11.0935704469438	4	2826
AAGAGATC_AATGTTGC_GCTCGGTA	-12.996736653070199	-3.66988965264286	1	1354
AAGAGATC_ACCTCCAA_GTGTTCTA	-13.0594277243401	-5.64906356448387	1	1629
AAGAGATC_ACGTATCA_ACAAGCTA	4.4478198026728	25.517472944061602	5	3092
AAGAGATC_ACGTATCA_GATGAATC	-11.4054935950122	-17.0223271487135	1	2712
AAGAGATC_AGAGTCAA_TGGAACAA	-11.8000811244118	-3.81810992179667	1	1311
AAGAGATC_CACCTTAC_CACCTTAC	7.826370154660982	-22.0686003860382	7	1161
AAGAGATC_GTGTTCTA_GTCTGTCA	-19.7079633763748	-4.41232953520148	1	1617
AAGGACAC_AATCCGTC_GCCAAGAC	-13.4673989977412	-6.428792630798321	1	1179
AAGGACAC_ACCACTGT_CAATGGAA	-2.35962045372595	15.6758167925231	4	2587
AAGGACAC_ATAGCGAC_ACCACTGT	-9.625332598890491	-9.38780370040296	1	1446
AAGGACAC_CATCAAGT_AGGCTAAC	8.31678967093938	17.7160769688522	3	1129
AAGGACAC_CTGAGCCA_GAACAGGC	9.844658274220821	-10.3141030182618	2	896
AAGGACAC_GCTCGGTA_GAGCTGAA	-15.018769936876302	-12.0665073030065	1	2053
AAGGACAC_TGAAGAGA_AAGGTACA	18.7995822975993	-7.71338306333155	2	1068
AAGGTACA_AAGGTACA_AGCACCTC	-9.24953237146966	14.723165624526803	4	901
AAGGTACA_CATACCAA_AACGCTTA	9.70132876718045	-5.8091830335674	2	884
AAGGTACA_CCAGTTCA_GCCAAGAC	-0.122156907162906	28.328983031792607	5	2360
AAGGTACA_CCTAATCC_ACCACTGT	0.28740311103944105	25.9333821317925	5	1854
AAGGTACA_CGAACTTA_CATACCAA	-13.370918813544801	-11.455125306104698	1	2207
AAGGTACA_CGACTGGA_CGACACAC	16.2703576085141	-3.70423403701526	2	914
AAGGTACA_GAACAGGC_GTCGTAGA	22.0048817289504	-6.732869846030541	2	906
AAGGTACA_GCCACATA_ATTGGCTC	2.8180445959133	21.001613427597803	3	2729
AAGGTACA_GCTCGGTA_AAACATCG	-6.577545161763201	-10.7559005981319	1	2203
AAGGTACA_TTCACGCA_CCTCCTGA	18.2553388811264	-5.6589420801039685	2	1135
AATCCGTC_ACACGACC_ATCATTCC	-3.00699781972374	14.7683322467244	4	2402
AATCCGTC_ACGTATCA_ACATTGGC	-17.4753503149825	-5.92383456631233	1	1510
AATCCGTC_AGCCATGC_AGAGTCAA	27.2110715301862	-9.68009904274176	6	1002
AATCCGTC_CCAGTTCA_CTAAGGTC	0.487223424895981	11.042727044358498	3	3295
AATCCGTC_GCCACATA_CCGTGAGA	-11.7705246528739	-3.11457324686686	1	1057
AATCCGTC_GCTAACGA_ACAGATTC	12.9057326529273	1.90291846013987	2	1097
AATCCGTC_GTCTGTCA_CCGAAGTA	4.76445222502647	4.49220985295531	3	3791
AATCCGTC_GTGTTCTA_ACACAGAA	7.47085827220088	11.0782464680374	3	3782
AATCCGTC_TATCAGCA_ACGCTCGA	-20.1953792554567	-5.23828496916342	1	2058
AATCCGTC_TGGCTTCA_AACTCACC	22.2308898196094	-6.7733420691616	6	1111
AATGTTGC_ACGCTCGA_GCGAGTAA	-13.8386208536633	-7.76776451629663	1	1615
AATGTTGC_CAATGGAA_CAACCACA	9.43195853743464	-0.285837760994639	2	3966
AATGTTGC_CATCAAGT_GCCAAGAC	15.9758530005994	7.58783768425184	3	296
AATGTTGC_CGACTGGA_ATAGCGAC	-21.187403603265	-10.4560593087366	1	1584
AATGTTGC_TCTTCACA_CAAGACTA	9.227008593303733	-6.38449645387554	2	779
AATGTTGC_TGGTGGTA_AGCACCTC	-11.475384110332902	-17.5645572564445	1	2810
ACAAGCTA_AAGGACAC_CATCAAGT	7.6568237039460385	-5.1561436129816	2	907
ACAAGCTA_AATCCGTC_ATTGAGGA	3.39406026879369	11.823861797162499	3	3316
ACAAGCTA_ACACAGAA_TAGGATGA	-20.1030626082657	0.191282445587558	1	2464
ACAAGCTA_ACGTATCA_CAGCGTTA	3.19334278571273	27.1333874950285	5	3017
ACAAGCTA_AGAGTCAA_GGTGCGAA	-1.6792825998706102	17.7957215740668	4	2354
ACAAGCTA_AGCACCTC_AAGAGATC	-11.073133025281999	-5.7483188042070115	1	1478
ACAAGCTA_AGTACAAG_AGATGTAC	5.88988983186366	27.619937164517	5	2704
ACAAGCTA_AGTACAAG_ATAGCGAC	12.2528612598019	-8.19863899869409	2	890
ACAAGCTA_ATAGCGAC_TGGAACAA	26.893867088337498	-10.787495490518	6	842
ACAAGCTA_CATCAAGT_AAACATCG	-14.684652657344598	-10.1034578712043	1	1886
ACAAGCTA_CCGAAGTA_GTCGTAGA	17.8212739994838	-8.07052669431968	2	1008
ACAAGCTA_CCTCTATC_AGCAGGAA	-4.0136223056685605	10.7447967567555	4	3028
ACAAGCTA_CCTCTATC_CACCTTAC	1.6635562777810002	6.35310222593545	3	3504
ACAAGCTA_CGGATTGC_AACTCACC	13.565061567177901	-5.5664262938439215	2	1024
ACAAGCTA_CGGATTGC_GGAGAACA	-15.7351177710026	-14.0310763751442	1	2088
ACAAGCTA_GCTCGGTA_AGATCGCA	28.578536312687	-8.931868148393269	6	869
ACAAGCTA_GGAGAACA_ATCCTGTA	-13.885979818064301	-18.5987589524517	1	2275
ACAAGCTA_TATCAGCA_TCCGTCTA	2.92656599105197	8.94841122104182	3	3291
ACAAGCTA_TCCGTCTA_GTCGTAGA	-13.8439684868988	-8.70646813569755	1	2183
ACACAGAA_ACCACTGT_GAACAGGC	11.3714324774311	-10.762914000291701	2	853
ACACAGAA_AGCCATGC_CTGTAGCC	7.89333655796381	12.3601746469952	3	3203
ACACAGAA_AGGCTAAC_AGATCGCA	-7.3601443461637315	15.7186773065005	4	1301
ACACAGAA_AGTGGTCA_AGATGTAC	-22.4703594797081	-3.30847865900683	1	2129
ACACAGAA_ATCCTGTA_CAAGACTA	0.17434486577520694	10.3549770294161	4	3250
ACACAGAA_CAGCGTTA_GCCAAGAC	8.26139068073178	4.79965029794653	3	955
ACACAGAA_GCGAGTAA_ATCATTCC	10.457230246094099	-4.8239513931353	2	1035
ACACGACC_ACACAGAA_CCTAATCC	-14.570884784836199	-5.31508673801876	1	1674
ACACGACC_ACACGACC_GCTCGGTA	10.7684635149725	-11.185821154258196	2	1138
ACACGACC_ACGCTCGA_AATGTTGC	3.502865324682129	26.196054254481894	5	2687
ACACGACC_ATGCCTAA_ACCTCCAA	1.45856827010124	1.1479125631561498	3	775
ACACGACC_ATTGAGGA_ACGTATCA	-14.839880649626696	-7.3024216524239005	1	1972
ACACGACC_CACTTCGA_CCGTGAGA	-15.582880532202001	1.29230804860334	1	1894
ACACGACC_CATCAAGT_AGTACAAG	-14.897891587525196	-2.13334127632812	1	1174
ACACGACC_CCGAAGTA_AACCGAGA	-3.05669513394724	16.0276800296966	4	2394
ACACGACC_CCGTGAGA_CCTCCTGA	5.063582371693	1.53982899851441	3	4145
ACACGACC_CGAACTTA_AAGGTACA	8.76951646163626	-5.8288118946129295	2	904
ACACGACC_CTGAGCCA_CCGTGAGA	-10.240188151003501	-14.2553427640525	1	2510
ACACGACC_GTGTTCTA_GCCAAGAC	11.4270573273843	-10.9065924633647	2	846
ACACGACC_TCCGTCTA_GTGTTCTA	11.0173321012029	-8.73181995625919	2	821
ACAGATTC_AACTCACC_CCGACAAC	-6.6825954277868	-12.2016554483586	1	2345
ACAGATTC_ACAAGCTA_CTGTAGCC	-22.995956650428802	-7.403759570556638	1	1386
ACAGATTC_ACATTGGC_TGGTGGTA	-14.962397246921501	-14.5317479526082	1	2196
ACAGATTC_ACCACTGT_TAGGATGA	4.30118740306063	12.3480063796425	3	3089
ACAGATTC_CAAGACTA_CGACTGGA	-7.40794549841659	15.617533430423999	4	1002
ACAGATTC_CATCAAGT_ATCCTGTA	-15.2081482975971	1.09659345376592	1	1744
ACAGATTC_CGAACTTA_GAATCTGA	-6.04961710601514	-13.3331417201146	1	2294
ACAGATTC_GAATCTGA_CTGGCATA	29.0168386736381	-9.52492152015427	6	1040
ACAGATTC_GATAGACA_TATCAGCA	-15.916596211647803	-15.0027390757164	1	2015
ACAGATTC_TCCGTCTA_CAATGGAA	8.73201607333572	-2.26218207544197	2	951
ACAGCAGA_AAGGTACA_GAGCTGAA	-15.6395297117079	1.172952325855	1	1533
ACAGCAGA_ACCTCCAA_AGAGTCAA	12.678766026818199	-5.13560312293286	2	873
ACAGCAGA_ACGTATCA_TTCACGCA	-22.0349960073118	-10.562310982293	1	1874
ACAGCAGA_AGCACCTC_ATCCTGTA	6.65443340132112	-6.92163040971124	2	920
ACAGCAGA_ATTGAGGA_CAATGGAA	-9.5256028176755	-9.35582012781495	1	1540
ACAGCAGA_CAACCACA_AGCACCTC	8.10017588466791	-22.085510257130398	7	1155
ACAGCAGA_CGCTGATC_ACAGCAGA	-17.7721493569147	-7.0222207891024695	1	1631
ACAGCAGA_CTAAGGTC_AATGTTGC	-16.7969313245721	-9.29154344869944	1	2223
ACATTGGC_AAGAGATC_AACGTGAT	1.10446845613577	26.9754426111549	5	2062
ACATTGGC_ACAGATTC_AATCCGTC	-22.453400094878997	-2.1034681555059698	1	1932
ACATTGGC_ACAGCAGA_GTGTTCTA	17.452173976340802	-6.65029442352526	2	942
ACATTGGC_AGATCGCA_GCCAAGAC	-1.18459894166729	12.949762310276801	4	2989
ACATTGGC_ATTGGCTC_GGTGCGAA	-18.657497997974502	-13.461073556589199	1	1418
ACATTGGC_CATACCAA_GAACAGGC	-10.9215570010106	-3.23784777982989	1	1060
ACATTGGC_CCGACAAC_CATACCAA	3.5475324204442003	6.33771045122574	3	3497
ACATTGGC_CCGACAAC_CGGATTGC	-10.615574865018301	-10.1555038812945	1	1811
ACATTGGC_CGCATACA_GTCTGTCA	-8.96384894549399	-15.8236700936814	1	2684
ACATTGGC_CTCAATGA_ATTGAGGA	-12.2626822826721	-5.13253511746044	1	1511
ACATTGGC_GCCAAGAC_CGCTGATC	4.57773493398477	0.848774591588082	3	4021
ACCACTGT_ACAGCAGA_CAATGGAA	4.39706363263767	7.06163661521125	3	949
ACCACTGT_AGCAGGAA_ACCACTGT	13.0853865325107	1.7720847297796003	2	1043
ACCACTGT_AGTCACTA_AACGTGAT	-9.29201934823335	14.7365586148855	4	1110
ACCACTGT_CAACCACA_CGACTGGA	-16.262718531889902	-2.01792299506433	1	1363
ACCACTGT_CAAGACTA_CGACACAC	15.157509086698301	-3.40057647630301	2	1111
ACCACTGT_CAAGGAGC_AACTCACC	21.3350606668603	-6.77547712913998	2	1251
ACCACTGT_CGGATTGC_ACGCTCGA	-11.605328365309699	-1.50450357569596	1	2228
ACCACTGT_CTGGCATA_AAGACGGA	-14.812278004103	-15.0231439839977	1	2303
ACCACTGT_GAGCTGAA_CAGATCTG	7.37933137753307	-21.7841682652936	7	626
ACCTCCAA_AACAACCA_ACGCTCGA	3.11086246599159	-2.21309449245149	3	4940
ACCTCCAA_AACAACCA_AGCACCTC	7.26334735087502	-9.476449794512687	2	908
ACCTCCAA_ACGTATCA_CGCTGATC	14.7160150651968	-9.26103863271313	2	1013
ACCTCCAA_ATCATTCC_AAGGTACA	2.33986429506049	11.2042003081723	3	3271
ACCTCCAA_ATTGAGGA_ACGTATCA	3.20804768784015	4.13347168954266	3	3855
ACCTCCAA_CAATGGAA_CAACCACA	28.152418574148893	-10.0357218028742	6	897
ACCTCCAA_CACTTCGA_CTAAGGTC	10.3587586836968	16.8531487876228	3	3875
ACCTCCAA_GCGAGTAA_GACTAGTA	8.97890278639979	-8.18517100889273	2	993
ACCTCCAA_GTGTTCTA_GATGAATC	7.454564782363629	8.22492147877757	3	4063
ACCTCCAA_TGGCTTCA_AACGTGAT	8.32322453000844	4.73774206424111	3	1160
ACGCTCGA_AATGTTGC_CTAAGGTC	10.5732514318031	-1.00936979393118	2	860
ACGCTCGA_ACAAGCTA_GCTAACGA	-10.389928225929001	-10.2101944333311	1	1856
ACGCTCGA_ACACGACC_ATCCTGTA	3.1614013192702903	29.013873643836497	5	2691
ACGCTCGA_ACGCTCGA_AACGCTTA	-0.802188136100813	28.2249825823456	5	1958
ACGCTCGA_ACTATGCA_ACCTCCAA	-18.6146019460611	-10.281887406294699	1	2064
ACGCTCGA_AGAGTCAA_GGTGCGAA	-13.6050248920365	-3.19393571252298	1	1525
ACGCTCGA_AGATCGCA_CCATCCTC	0.0663192453754421	7.184736707714071	3	3574
ACGCTCGA_AGTCACTA_AGATCGCA	2.27671964500625	14.481583261503301	4	3108
ACGCTCGA_CCTCCTGA_TCCGTCTA	-0.0652470441635431	12.2620309594825	4	3039
ACGCTCGA_CGCTGATC_AATCCGTC	-6.916969018277968	16.0084682887316	4	1205
ACGCTCGA_GACTAGTA_AGAGTCAA	2.62887933346359	6.90443471607412	3	3180
ACGCTCGA_GTACGCAA_AATCCGTC	-12.2003595934984	2.2933439808539102	1	1690
ACGTATCA_AAGAGATC_TGGCTTCA	-0.0770473588394621	26.8888694953643	5	2093
ACGTATCA_AAGGTACA_CGCTGATC	0.981466517810308	26.8191869425354	5	2361
ACGTATCA_ACATTGGC_AGATCGCA	1.89544294690706	16.4348594278811	4	2992
ACGTATCA_ACCACTGT_AGCCATGC	3.1449755750331803	14.088537621310198	4	3192
ACGTATCA_CAATGGAA_ATCATTCC	-15.6782390279671	-2.79818767602998	1	1070
ACGTATCA_CCGAAGTA_ACCACTGT	-17.056181436436	-14.7786498361341	1	2680
ACGTATCA_CCTCTATC_ACAGCAGA	-0.483350330651983	11.3740250455518	4	3122
ACGTATCA_CTGAGCCA_AACTCACC	10.829009284116001	-6.91723020357771	2	898
ACGTATCA_CTGAGCCA_ATTGGCTC	3.52202339736668	3.1484660901809702	3	3850
ACGTATCA_GACTAGTA_TGGAACAA	8.88124908474472	-6.361350210038428	2	824
ACTATGCA_AAGACGGA_ACGCTCGA	4.84657240330099	5.71938857824064	3	3468
ACTATGCA_ACCTCCAA_TGGTGGTA	8.189068611347789	12.7532571892505	3	2871
ACTATGCA_AGATGTAC_CTCAATGA	-16.5021638567806	-0.560735069680302	1	1371
ACTATGCA_CAACCACA_AAGGTACA	-21.672505128586696	-10.476159421257	1	1723
ACTATGCA_CAACCACA_GTCTGTCA	-0.391702952212275	27.277994086915694	5	2102
ACTATGCA_CACCTTAC_GCCAAGAC	-18.901161264195302	-1.4763655090178	1	1498
ACTATGCA_CGACACAC_GATGAATC	-12.7825655579714	-20.0568685768909	1	2606
ACTATGCA_CGACACAC_TGAAGAGA	-15.838294328995302	-15.122916597406304	1	2398
ACTATGCA_GCTAACGA_CATACCAA	7.7898282764931395	-21.757996869885996	7	1001
ACTATGCA_GGTGCGAA_AAGGTACA	-13.6221413206588	-13.5816248556025	1	2244
AGAGTCAA_AATCCGTC_GACTAGTA	1.4978925968601	29.4956291776098	5	2134
AGAGTCAA_AGTACAAG_AATGTTGC	2.86276101784218	6.037548637973349	3	3210
AGAGTCAA_ATTGGCTC_ACATTGGC	8.958813250627971	-5.2137796471755	2	842
AGAGTCAA_CATACCAA_AGTCACTA	-11.073366725915198	-3.94454478976204	1	1342
AGAGTCAA_CCAGTTCA_CATCAAGT	3.81226493957348	-1.1746430171740905	3	4164
AGAGTCAA_GAGTTAGC_CAGCGTTA	-0.952077775564966	27.4344372681293	5	1683
AGAGTCAA_GGAGAACA_GTCTGTCA	0.5208839135698591	14.311922640565	4	2705
AGAGTCAA_TATCAGCA_ATTGAGGA	-15.052230825527001	-15.539073378122596	1	2587
AGAGTCAA_TCCGTCTA_CTGGCATA	-8.564405266323401	-14.585460640697804	1	2387
AGATCGCA_AGCACCTC_TATCAGCA	21.7834772267267	-6.7649666843296	2	1034
AGATCGCA_ATCATTCC_GTACGCAA	18.472858769198503	-7.96980412593295	2	982
AGATCGCA_ATTGGCTC_CAATGGAA	-13.274658841657699	-1.61295360238139	1	831
AGATCGCA_CAAGGAGC_CGAACTTA	-14.8019833879387	-6.958089059320519	1	2020
AGATCGCA_CACCTTAC_CGACTGGA	-9.18481758024851	-15.2082880200598	1	2425
AGATCGCA_CCAGTTCA_GCTAACGA	9.33789589660708	-4.67424836577686	2	867
AGATCGCA_CGACACAC_AACTCACC	-7.49591690200813	-16.0217527716757	1	3284
AGATCGCA_CGGATTGC_AAGAGATC	-11.1144145516223	-15.533793099623999	1	2310
AGATCGCA_GAGTTAGC_CCTAATCC	16.1882830691161	-5.4709704861816295	2	1015
AGATCGCA_GCTAACGA_AAGGACAC	-18.1070256929415	0.0432544631617808	1	1464
AGATCGCA_GTACGCAA_CGAACTTA	-18.8229532234683	-4.181275569717689	1	1817
AGATCGCA_TGGAACAA_GATGAATC	-6.455328360380548	-12.4193356198373	1	2649
AGATGTAC_ACAGATTC_AAGACGGA	13.5704193387241	-7.10570269464343	2	929
AGATGTAC_ATTGGCTC_AGAGTCAA	-14.0585269154241	-4.58741811798166	1	1616
AGATGTAC_GACTAGTA_GATAGACA	-22.4496884738834	-1.4772508198328	1	2472
AGATGTAC_GCTAACGA_ACAAGCTA	-4.42102513354636	15.9291447583251	4	2231
AGATGTAC_TATCAGCA_GATGAATC	4.55068316377163	27.6730911157141	5	2955
AGATGTAC_TGAAGAGA_AGGCTAAC	4.66627235656366	21.764721270401807	3	3174
AGATGTAC_TGGCTTCA_AGGCTAAC	28.2375986718645	-10.266352544675199	6	926
AGCACCTC_AAACATCG_GATGAATC	5.7949774943817305	24.854245864586	5	2856
AGCACCTC_AACAACCA_GACAGTGC	-18.2531914541792	-15.1767592809331	1	2084
AGCACCTC_AAGACGGA_CCATCCTC	3.6263819567195	-1.86612816544195	3	4465
AGCACCTC_ACACGACC_ATCCTGTA	-1.6725283187498798	14.5736692447885	4	2761
AGCACCTC_ACAGCAGA_ACTATGCA	-8.52464373444296	-16.9773055461633	1	2723
AGCACCTC_ACAGCAGA_TGAAGAGA	3.8499993793972895	4.50717710334382	3	3617
AGCACCTC_AGAGTCAA_CAGATCTG	7.72359103885684	-4.35351427944186	2	959
AGCACCTC_AGTACAAG_ATCCTGTA	2.3527446174914703	11.7021656620558	3	3323
AGCACCTC_ATTGAGGA_CAAGACTA	1.67923724577723	7.233702092744781	3	3436
AGCACCTC_CACTTCGA_TGGTGGTA	24.304338591910806	-10.540892677575199	6	864
AGCACCTC_CAGATCTG_CCAGTTCA	12.8119208147964	-9.5165573543106	2	960
AGCACCTC_CAGCGTTA_ACATTGGC	29.1247276051584	-10.6834683536866	6	893
AGCACCTC_CCGACAAC_AACGCTTA	14.1622862273075	-3.42552020783947	2	985
AGCACCTC_CGACTGGA_AGGCTAAC	12.085819008722696	-6.86302504277496	2	952
AGCACCTC_CGCATACA_ACTATGCA	9.53764619957369	17.8473695694536	3	2119
AGCACCTC_CGGATTGC_AGCAGGAA	-0.29906217486000297	9.18384349535342	3	3059
AGCACCTC_GACAGTGC_GGAGAACA	9.05542080105569	11.415536158316801	3	3934
AGCACCTC_GTCGTAGA_CAATGGAA	7.803250915354768	3.54783437048559	2	937
AGCAGGAA_AACGTGAT_CCGTGAGA	-1.14755522715807	18.377218478309	4	2404
AGCAGGAA_AACGTGAT_GTCTGTCA	-10.0523105123073	-14.026987863012	1	2291
AGCAGGAA_AGATGTAC_CTGTAGCC	4.01954024416294	25.771297342713105	5	3234
AGCAGGAA_AGTGGTCA_ACGTATCA	13.7833798943365	-3.0963437978922004	2	923
AGCAGGAA_ATTGAGGA_CCTCCTGA	7.474447790673588	-5.17316262635391	2	894
AGCAGGAA_CAGCGTTA_CACTTCGA	-23.887408031870603	-2.50905924367738	1	2562
AGCAGGAA_CCTAATCC_GTGTTCTA	5.87398752671287	26.3052223907444	5	3200
AGCAGGAA_CGCTGATC_CCTAATCC	-10.9059848542496	-7.354276760466241	1	1888
AGCAGGAA_CTCAATGA_AATGTTGC	-14.398656437797001	-3.04618375209115	1	1464
AGCAGGAA_CTGAGCCA_GTCGTAGA	-2.37049337963116	13.1169387481952	4	2695
AGCAGGAA_GACAGTGC_CCGAAGTA	29.5347917536936	-11.845443280573	6	813
AGCAGGAA_GCCACATA_GCGAGTAA	-6.20329578280766	16.4575231144207	4	1156
AGCAGGAA_GGTGCGAA_CAAGGAGC	-16.3179480665014	-8.18562888466964	1	1950
AGCAGGAA_GTGTTCTA_GGAGAACA	-13.5667007314991	-2.42038589422984	1	1254
AGCAGGAA_TTCACGCA_CTAAGGTC	0.97320792269181	27.6298881174428	5	2267
AGCCATGC_AATGTTGC_GCCAAGAC	-12.9861993376242	-11.007808963752199	1	2083
AGCCATGC_AGATCGCA_AGCACCTC	-20.282108264943897	-14.711911085994501	1	1864
AGCCATGC_AGGCTAAC_GTGTTCTA	-13.4421557181911	-14.344508786612199	1	2360
AGCCATGC_GATGAATC_GGTGCGAA	-19.012132205246502	-6.84941284737458	1	1763
AGCCATGC_GTCGTAGA_TGAAGAGA	28.901465601924	-8.570731152509769	6	895
AGGCTAAC_AACTCACC_AACGTGAT	15.957235277329302	7.59270200401597	3	366
AGGCTAAC_AATGTTGC_AAGGACAC	11.1371993557038	-1.82169888256582	2	979
AGGCTAAC_ACGCTCGA_AACGTGAT	6.8376892283487205	10.2242816558872	3	3723
AGGCTAAC_AGAGTCAA_ATCATTCC	17.1211610739986	-6.93563349747495	2	1008
AGGCTAAC_AGCCATGC_TGGCTTCA	15.991874928991699	7.5957665076667	3	135
AGGCTAAC_ATTGGCTC_GGAGAACA	-19.489895668197697	-11.188409504275999	1	2063
AGGCTAAC_CACCTTAC_TTCACGCA	-11.8508933668578	-17.530726357540697	1	2345
AGGCTAAC_CGAACTTA_CGAACTTA	3.6236486830322496	-1.94229882482205	3	4155
AGGCTAAC_GAGCTGAA_CCATCCTC	-16.715981815119	-6.609683131789678	1	1855
AGGCTAAC_GTGTTCTA_ATCCTGTA	3.1809783560947698	25.8095896987375	5	2945
AGGCTAAC_TCTTCACA_CGCTGATC	-14.432146756337302	-18.9367806063307	1	2813
AGGCTAAC_TGGTGGTA_ACAAGCTA	-0.455940396487416	28.5244622115463	5	2035
AGTACAAG_ACAAGCTA_ATCCTGTA	-19.699808307662998	-2.72054459829635	1	1614
AGTACAAG_ACAGATTC_AACGCTTA	-15.1102517141954	-3.8478519862894314	1	1463
AGTACAAG_ACTATGCA_CGACACAC	-15.7159713238272	1.22470691470385	1	1644
AGTACAAG_AGGCTAAC_CATCAAGT	-10.7813673331984	-6.6517726382372	1	1867
AGTACAAG_ATGCCTAA_ATCATTCC	-14.0266209592319	-2.8496198016103502	1	1331
AGTACAAG_CCAGTTCA_TATCAGCA	-16.1843917484935	-7.86914116679584	1	2477
AGTACAAG_CCGACAAC_GCTAACGA	-0.5364682630900061	11.705909181875501	4	2942
AGTACAAG_GACAGTGC_CCAGTTCA	1.56323653277327	5.35884722720566	3	345
AGTCACTA_AACGCTTA_TGGTGGTA	2.97905942727992	26.882766417477608	5	2867
AGTCACTA_AACGTGAT_GGTGCGAA	29.593210603902197	-8.22377500132559	6	885
AGTCACTA_AAGGTACA_CCTCTATC	13.0165187661594	-4.3084010944549	2	900
AGTCACTA_AGAGTCAA_GTACGCAA	-12.726794176037801	-3.16090232069816	1	1965
AGTCACTA_AGATGTAC_AACCGAGA	7.848040026310401	-8.69317301991442	2	949
AGTCACTA_AGCCATGC_CAACCACA	4.94801243524365	9.211356158163053	3	3634
AGTCACTA_ATTGAGGA_CAATGGAA	28.360157791570806	-10.0896210246451	6	932
AGTCACTA_CATCAAGT_TGGCTTCA	25.388611981485802	-9.258398384950802	6	847
AGTCACTA_CCGTGAGA_CTGGCATA	26.5808305364399	-9.32848740015875	6	1102
AGTCACTA_CTCAATGA_CAATGGAA	9.51030442105184	-0.72561457174188	2	911
AGTCACTA_GAACAGGC_CATACCAA	28.3550254451193	-7.75089345707852	6	809
AGTCACTA_GATGAATC_ACTATGCA	3.83484870258714	14.39963829007	3	2959
AGTGGTCA_AATCCGTC_TCCGTCTA	-13.205608034881001	-16.9946384491425	1	2093
AGTGGTCA_AATGTTGC_CGCTGATC	0.489506805645361	8.22445585881611	3	3300
AGTGGTCA_ACAGCAGA_TATCAGCA	11.6629702980184	1.80307292691472	2	828
AGTGGTCA_AGTACAAG_ACCACTGT	-11.1257998212365	-9.2034094431158	1	1627
AGTGGTCA_ATTGAGGA_CGAACTTA	-10.7563681991384	-18.308331268522306	1	2712
AGTGGTCA_CTCAATGA_AGATCGCA	8.01244836750306	-21.98680556703	7	1349
AGTGGTCA_CTGTAGCC_ACGCTCGA	0.478985950507634	27.9688109015261	5	2435
ATAGCGAC_ACAGCAGA_CCATCCTC	14.688855748803404	-7.476560032911099	2	939
ATAGCGAC_ACCTCCAA_CCAGTTCA	-18.5443612555862	-11.213780103875502	1	2096
ATAGCGAC_AGATGTAC_TGGAACAA	11.0313216039677	-4.98017743734814	2	1062
ATAGCGAC_CGACTGGA_ATAGCGAC	-15.724037998968804	-3.5893991565213503	1	1373
ATAGCGAC_CGCTGATC_CCATCCTC	29.845834145816397	-7.83588170702014	6	964
ATAGCGAC_CTCAATGA_CCGTGAGA	16.046284441124197	-6.553514395286981	2	1108
ATAGCGAC_GAACAGGC_GATAGACA	1.4986522611351698	6.20251609738162	3	3337
ATAGCGAC_GATAGACA_AGCACCTC	2.4478346675803	5.00980136153182	3	3702
ATAGCGAC_GCCAAGAC_GAATCTGA	26.226283990044397	-10.5865505453252	6	992
ATAGCGAC_GCCAAGAC_GAGCTGAA	13.1799132942131	-0.7514528431382049	3	906
ATCATTCC_AAGAGATC_CACCTTAC	-15.409031537290199	-13.365259966378801	1	1918
ATCATTCC_ACAGCAGA_CTCAATGA	-7.9373889230805	-16.3926438323539	1	3265
ATCATTCC_ACCTCCAA_GGAGAACA	4.40916259907446	1.96689121796506	3	3962
ATCATTCC_ATAGCGAC_GTCGTAGA	-15.4514894067286	-6.00330198193259	1	1957
ATCATTCC_ATCCTGTA_TATCAGCA	-17.7192080722546	-16.856222048781298	1	1891
ATCATTCC_CAAGACTA_AACCGAGA	-1.45877386646611	13.876137613403197	4	3059
ATCATTCC_CACCTTAC_CAAGGAGC	1.2273691573533798	8.23191865440718	3	3432
ATCATTCC_CGGATTGC_GAGCTGAA	-13.4285084940792	-4.34616294936695	1	1486
ATCATTCC_GATGAATC_TAGGATGA	3.4778400531279803	27.679196709804	5	3252
ATCATTCC_GTGTTCTA_CGCATACA	1.727951496857	8.99027243576956	3	3556
ATCATTCC_TAGGATGA_CTGTAGCC	5.31867692731091	28.483827284654303	5	3799
ATCCTGTA_AATCCGTC_CACTTCGA	16.344833745697	-4.06337592636327	2	895
ATCCTGTA_ACCTCCAA_CACCTTAC	10.1376371529718	-6.52664770519081	2	779
ATCCTGTA_ACGCTCGA_CCTAATCC	-0.0893404459749822	14.6249277887722	4	3239
ATCCTGTA_ACGCTCGA_TATCAGCA	-16.3865494602968	-15.509556628687804	1	2257
ATCCTGTA_GAATCTGA_AACCGAGA	5.7059861667579606	1.47719656851771	3	4016
ATCCTGTA_GTCTGTCA_AAGAGATC	9.73924404982616	17.3796201379696	3	2733
ATCCTGTA_TTCACGCA_AGTACAAG	-10.725758194425499	-6.60023063662264	1	1732
ATGCCTAA_AATCCGTC_CGGATTGC	-0.101484879089935	16.3679893144735	4	2330
ATGCCTAA_AATCCGTC_GGTGCGAA	0.655419178477046	29.1136497190018	5	1935
ATGCCTAA_ACAGCAGA_GCTAACGA	-19.411645222019	-10.025802781981099	1	1925
ATGCCTAA_ACTATGCA_CAACCACA	-21.036626257467894	-15.3486501778341	1	2612
ATGCCTAA_CATCAAGT_TGGCTTCA	-18.203891292957803	-15.098885152049196	1	2038
ATGCCTAA_CTAAGGTC_ATGCCTAA	10.2145185832789	-3.91736546467407	2	837
ATGCCTAA_GAACAGGC_CAGATCTG	-14.532872443725	-1.02968896971289	1	927
ATGCCTAA_GAATCTGA_ATCCTGTA	-15.7055157224715	-16.1460994914773	1	2620
ATGCCTAA_GAGCTGAA_GCTCGGTA	7.8313401253816615	-3.23674726475632	2	833
ATGCCTAA_GATAGACA_ATAGCGAC	12.5666235950956	-1.33279656370663	2	853
ATGCCTAA_GCTAACGA_ATCCTGTA	-16.896510203205	-9.39513563109726	1	2205
ATGCCTAA_TGGAACAA_CCAGTTCA	9.70910706041516	-5.5497604924760315	2	1024
ATGCCTAA_TGGCTTCA_AGTCACTA	6.89011438152487	10.380409624606699	3	3748
ATTGAGGA_AAGACGGA_TCTTCACA	30.21044995216389	-10.5125957509877	6	1020
ATTGAGGA_ACAAGCTA_AGCACCTC	28.2981708479172	-10.0933371526482	6	852
ATTGAGGA_ACAGATTC_ATAGCGAC	10.2841868570454	-1.64962353779258	2	871
ATTGAGGA_ACCACTGT_CTCAATGA	-23.738537694621897	-1.8794021561474696	1	2394
ATTGAGGA_ACTATGCA_GAGTTAGC	10.484973551782	-7.525387339182299	2	885
ATTGAGGA_AGATGTAC_ATAGCGAC	9.39663760548276	-7.33441019104031	2	871
ATTGAGGA_AGCACCTC_TAGGATGA	-17.4372059046204	-3.96468571326928	1	1864
ATTGAGGA_ATAGCGAC_AGATGTAC	19.303618317936397	-7.433345116043839	2	1222
ATTGAGGA_CAACCACA_AGGCTAAC	-10.3475473060867	-6.631669546703651	1	1418
ATTGAGGA_CAATGGAA_GTCTGTCA	10.0271716180036	9.88393131540938	3	5035
ATTGAGGA_CACCTTAC_GCCAAGAC	11.2733129386081	-9.36865614682463	2	832
ATTGAGGA_CCGTGAGA_AATGTTGC	-18.240574106694694	-2.32438031751556	1	1537
ATTGAGGA_CCGTGAGA_ATTGAGGA	-0.931563615749968	-13.3533979548809	2	4292
ATTGAGGA_GATAGACA_CAAGGAGC	4.75130189825032	26.3509690112327	5	2900
ATTGAGGA_GTGTTCTA_CAGCGTTA	-19.9922516518718	-11.264934393931599	1	1912
ATTGAGGA_TATCAGCA_AACTCACC	-20.297247139231104	-10.9764443140222	1	1993
ATTGGCTC_AACGCTTA_GTCTGTCA	17.465526063675494	-7.42297526741845	2	1149
ATTGGCTC_ACACAGAA_CAACCACA	-11.457042813703303	-12.6861883625922	1	2139
ATTGGCTC_ACCACTGT_TCTTCACA	-9.16439282565765	14.7794898016805	4	923
ATTGGCTC_ACGCTCGA_ATAGCGAC	6.54776965130174	-5.4218981185302	2	888
ATTGGCTC_AGCACCTC_AAGGACAC	7.51234903527511	-21.9947731985882	7	775
ATTGGCTC_ATCATTCC_CCAGTTCA	-22.4700376303147	-2.3882889199858703	1	1914
ATTGGCTC_CATACCAA_AAGGTACA	7.56292682397038	0.922937688136603	2	3896
ATTGGCTC_CGCTGATC_CTGAGCCA	4.21554148798357	15.086298604456001	4	2800
ATTGGCTC_CTAAGGTC_CGCTGATC	3.18460798246054	12.0514061482156	3	3353
ATTGGCTC_TAGGATGA_AGGCTAAC	1.7424898918813705	7.113377776070349	3	3520
ATTGGCTC_TGGAACAA_TTCACGCA	-16.5194736484764	-4.50787356687783	1	1934
CAACCACA_AACGCTTA_ACACAGAA	-5.32219678521682	17.226726250799	4	1722
CAACCACA_AATGTTGC_CAAGACTA	5.306628282787661	-0.0601952659086278	3	3995
CAACCACA_ACAGCAGA_CAGATCTG	3.37613194797702	-2.07479308766218	3	4770
CAACCACA_AGCACCTC_CGCTGATC	-17.2040160693081	-11.2730693521519	1	2207
CAACCACA_ATGCCTAA_AACGTGAT	4.58517444300554	3.60767767144222	3	3845
CAACCACA_ATGCCTAA_AGATCGCA	-11.2181660244969	-8.93313105589324	1	1743
CAACCACA_CAAGACTA_TGGAACAA	9.01277767647938	-8.48133742643878	2	846
CAACCACA_CAGCGTTA_CCAGTTCA	10.0392393887345	-9.415077628333009	2	838
CAACCACA_CTGAGCCA_ACGTATCA	10.2395809405767	-7.848923689621331	2	830
CAACCACA_GACAGTGC_CGCTGATC	6.23353919321754	6.618311747516941	3	3524
CAACCACA_GATGAATC_ACAAGCTA	-17.5448098733623	-13.922429306461401	1	1623
CAACCACA_GTACGCAA_GATGAATC	-19.305059405200694	-8.72249219619924	1	1811
CAACCACA_TGGAACAA_CACCTTAC	11.463157752145698	-8.41216438720642	2	995
CAAGACTA_ACCTCCAA_CCATCCTC	-13.952396798746	-8.94315698219778	1	2349
CAAGACTA_AGCCATGC_AAGGTACA	27.783637432829103	-8.69808075785947	6	923
CAAGACTA_ATTGAGGA_AGTGGTCA	30.4647738184201	-8.53635937281851	6	969
CAAGACTA_ATTGGCTC_CACTTCGA	9.09973347908208	-3.17808432758069	2	816
CAAGACTA_CAATGGAA_GTCGTAGA	-13.4900104141866	-14.4335145964342	1	2447
CAAGACTA_CACCTTAC_CAGATCTG	5.493974188156482	5.99820032820446	3	3935
CAAGACTA_CCATCCTC_AAGGACAC	-9.46369117803012	-14.372278186573201	1	2557
CAAGACTA_CTAAGGTC_AAGGTACA	3.6517095987885697	4.83484544085766	3	3714
CAAGACTA_CTAAGGTC_CCATCCTC	12.359953825986901	-8.0700481250272	2	984
CAAGACTA_CTCAATGA_AGATCGCA	9.01417877761495	-7.51366000004878	2	854
CAAGACTA_GACAGTGC_AGTCACTA	-20.012164070718697	-5.19631713687479	1	1805
CAAGGAGC_AACTCACC_TGGCTTCA	7.918443701507269	-7.13765087268284	2	860
CAAGGAGC_ACAAGCTA_CCTCTATC	26.0080266242721	-8.22644564713528	6	855
CAAGGAGC_ACAAGCTA_CGACACAC	-2.3360899962169905	11.4820242516245	4	2778
CAAGGAGC_ACACAGAA_GCCAAGAC	-16.0751915957205	1.37074148963736	1	1455
CAAGGAGC_ACAGCAGA_CACTTCGA	-6.748497122296469	15.06915187717	4	1145
CAAGGAGC_ATTGGCTC_AGCAGGAA	-15.966801408780697	-10.921642363718501	1	1676
CAAGGAGC_CAGATCTG_ACTATGCA	-3.9987929516773097	11.2999076272405	3	2795
CAAGGAGC_CCGACAAC_CAGCGTTA	-2.44664753322459	14.094863041593001	4	2552
CAAGGAGC_GACAGTGC_CACCTTAC	-8.47493805155872	-15.0626562786136	1	3085
CAAGGAGC_GCTAACGA_AGCCATGC	-18.277775149845606	-2.1735992194166003	1	1087
CAAGGAGC_GGTGCGAA_GACAGTGC	-0.69540390675272	15.2475263936733	4	2872
CAAGGAGC_GTGTTCTA_ATCCTGTA	4.7060719113774905	26.50192061829789	5	2938
CAAGGAGC_GTGTTCTA_CACTTCGA	-10.1879195612085	-10.3786646930741	1	2038
CAAGGAGC_TCCGTCTA_AACTCACC	-9.99280361202829	-15.511890262718	1	2682
CAAGGAGC_TGAAGAGA_AGTGGTCA	-21.7784907363658	-12.1056339331892	1	2325
CAATGGAA_AATCCGTC_CGCTGATC	15.7891678342278	-6.04172617004556	2	938
CAATGGAA_ACACGACC_CTGGCATA	12.249065519462302	-4.8869872158133605	2	1082
CAATGGAA_ACTATGCA_TTCACGCA	13.685054482822	1.4846386606675	2	1255
CAATGGAA_ATTGAGGA_CCGAAGTA	10.645063363341801	-3.09915193548105	2	1037
CAATGGAA_CCATCCTC_TATCAGCA	-20.3761125350884	-13.032992410741999	1	2072
CAATGGAA_CGACACAC_GAATCTGA	7.99489863268384	-23.028397683102302	7	1159
CAATGGAA_CTCAATGA_GCCAAGAC	11.837541103186	1.13759437056635	2	999
CAATGGAA_GAATCTGA_AGCACCTC	-12.187019548130698	-14.5634935150999	1	2573
CAATGGAA_GAGTTAGC_CCAGTTCA	-13.243980767333	-4.8139549468965	1	1742
CAATGGAA_GATGAATC_GGTGCGAA	-18.2483322835215	-15.184052714460199	1	1764
CAATGGAA_TTCACGCA_AAGGACAC	1.10975069745559	9.27631344947633	3	3510
CACCTTAC_AACAACCA_CTGGCATA	8.46144870020726	-4.0552527727421	2	872
CACCTTAC_AAGGTACA_CATCAAGT	1.47036743701841	8.31625479537637	3	3366
CACCTTAC_AATCCGTC_AGGCTAAC	10.079053705831901	-3.0543901943258898	2	885
CACCTTAC_AATGTTGC_CTGGCATA	9.33475130910316	-5.47211710106178	2	846
CACCTTAC_ATTGGCTC_AAGGACAC	10.21114378943	-5.865220712633951	2	974
CACCTTAC_CAAGGAGC_ATCATTCC	-7.8980374152423085	-15.881230432662699	1	2993
CACCTTAC_CCAGTTCA_GGTGCGAA	4.52533060306987	26.8605831441493	5	2770
CACCTTAC_CCATCCTC_AACGCTTA	27.237125413800396	-7.55341860969658	6	1033
CACCTTAC_CCTAATCC_GGTGCGAA	10.3164940319636	-7.1524863256432	2	793
CACCTTAC_CGAACTTA_AGTGGTCA	6.575832232311598	-7.02666397511537	2	1027
CACCTTAC_CGCATACA_TGGTGGTA	-11.285443627985499	-15.8573932894953	1	2472
CACCTTAC_CTAAGGTC_GATGAATC	0.777127440584376	15.3602305059507	4	2851
CACCTTAC_CTCAATGA_AGCACCTC	-12.5768118074566	-19.510910436168306	1	2816
CACCTTAC_CTGTAGCC_AACGCTTA	1.09535200300418	27.2704477662507	5	2400
CACCTTAC_CTGTAGCC_TATCAGCA	4.90665265990942	25.3901834187862	5	3236
CACCTTAC_GAATCTGA_TCCGTCTA	2.85307366128394	25.311501652278398	5	2734
CACCTTAC_GCTAACGA_AATGTTGC	-19.9802887909959	-11.920291229494099	1	2186
CACCTTAC_GTCGTAGA_AGTCACTA	7.71064888646184	-22.244516029344602	7	1341
CACCTTAC_GTCTGTCA_CAATGGAA	1.86565553407012	8.65762449465897	3	3372
CACCTTAC_TGGCTTCA_CAAGGAGC	-1.20391036098935	25.847364554741894	5	2173
CACTTCGA_AAGGTACA_CCATCCTC	0.147850223155241	8.838947509402079	3	3440
CACTTCGA_ACATTGGC_AGCAGGAA	7.822309806683902	-22.4614107416448	7	1493
CACTTCGA_AGCCATGC_ACGTATCA	26.6027913223703	-10.4076384843387	6	795
CACTTCGA_ATTGAGGA_CTGGCATA	-19.280167711347694	-7.713190214224008	1	1921
CACTTCGA_CCTAATCC_GTACGCAA	14.266211121361101	-4.79640518525541	2	1046
CACTTCGA_CCTCCTGA_AACCGAGA	26.8819642103021	-9.749229147627961	6	1085
CACTTCGA_CTAAGGTC_CACTTCGA	-18.330212924561398	-8.335431368246889	1	1330
CACTTCGA_CTCAATGA_ATAGCGAC	7.637618561280661	-22.184513285714694	7	700
CACTTCGA_GTGTTCTA_ATCATTCC	2.0032153189500503	29.5465696525899	5	2180
CAGATCTG_AACAACCA_GTCGTAGA	18.967504985147894	-4.8641614670622415	2	984
CAGATCTG_AACGTGAT_CACTTCGA	27.9586537963972	-9.35634866127431	6	818
CAGATCTG_AAGAGATC_ATTGGCTC	17.1826259437574	-6.63801970269091	2	1069
CAGATCTG_ACAGCAGA_AACTCACC	2.65056373158629	4.83390536217307	3	3842
CAGATCTG_ACCTCCAA_AGCAGGAA	-2.4148993726827	11.5003577884215	4	2809
CAGATCTG_ATTGGCTC_ACACAGAA	4.54644492185831	10.7313996013397	3	3308
CAGATCTG_CATCAAGT_CTGAGCCA	2.3640953610401203	27.9929732554629	5	2519
CAGATCTG_CCAGTTCA_CAACCACA	18.2777383809342	-7.47927611460523	2	1071
CAGATCTG_CCGTGAGA_AACTCACC	-14.922963718404	-11.3342257726529	1	1974
CAGATCTG_CGAACTTA_CCTCCTGA	1.59085036003142	28.449746079530396	5	2759
CAGATCTG_CGGATTGC_CATACCAA	12.205474280294002	-7.95977761104715	2	891
CAGATCTG_CTAAGGTC_GATGAATC	-16.4712529981816	-6.33727988625761	1	1683
CAGATCTG_GACTAGTA_GATAGACA	-9.249511244057027	14.7875514135332	4	1102
CAGATCTG_GCGAGTAA_TGAAGAGA	-0.0658883072669493	24.707685263130497	5	1288
CAGATCTG_GCTCGGTA_ACATTGGC	1.45833195808076	9.51346601648751	3	3313
CAGATCTG_GTGTTCTA_ATTGGCTC	-15.321426641930401	-4.45295811068309	1	1628
CAGCGTTA_AAGGACAC_GACTAGTA	-19.397088345894602	-2.7226097613846703	1	1813
CAGCGTTA_CAATGGAA_AGTGGTCA	-3.28325390384154	14.6962665442275	4	2247
CAGCGTTA_CAGATCTG_CCAGTTCA	2.62396301513111	7.525181303912599	3	3021
CAGCGTTA_GAACAGGC_CGACTGGA	-2.7374384417135205	14.2417049696214	4	2893
CAGCGTTA_GCTAACGA_AGTACAAG	-11.3764495502404	-16.860472132614902	1	2566
CAGCGTTA_GTCTGTCA_GACTAGTA	-1.38544903471493	14.8433408395423	4	2994
CATACCAA_AACAACCA_TGGAACAA	16.001464964175803	7.59326044108452	3	113
CATACCAA_AGCCATGC_CTAAGGTC	-1.38202432047903	16.2491787079937	4	2558
CATACCAA_ATTGAGGA_ACAGCAGA	16.009610648219	7.59002142907997	3	87
CATACCAA_ATTGAGGA_GTACGCAA	-13.179774646092	-13.925729680116598	1	2436
CATACCAA_CCTCTATC_CTGTAGCC	3.84592865822503	26.760372693736	5	3048
CATACCAA_CTAAGGTC_CTGTAGCC	-3.6383588844235897	13.6509409963152	4	2496
CATACCAA_CTCAATGA_CTGAGCCA	-14.5963745077489	-2.478851483572	1	1297
CATACCAA_GAGCTGAA_CCGACAAC	-22.4795357335638	-4.94416542248712	1	2095
CATACCAA_TTCACGCA_CCAGTTCA	3.3930618698119	-1.87153509165028	3	4717
CATCAAGT_CAACCACA_AGAGTCAA	3.8242382007299502	-1.99825056830576	3	4216
CATCAAGT_CAGATCTG_TGGTGGTA	9.95273316595058	-10.1057768449647	2	919
CATCAAGT_CAGCGTTA_CCTAATCC	10.279931738470301	-8.66552653047606	2	854
CATCAAGT_CGACTGGA_GACAGTGC	7.509324729427599	11.1670734671829	3	3804
CATCAAGT_TGGTGGTA_CATCAAGT	3.73207375878112	9.65717730336609	3	741
CCAGTTCA_AAGGTACA_AAGGACAC	3.6708104217700295	6.97087521266816	3	3486
CCAGTTCA_ACACAGAA_TCTTCACA	1.15564356651702	27.804385479478306	5	2467
CCAGTTCA_ACGTATCA_CGACACAC	30.3798357157063	-10.892630411962	6	978
CCAGTTCA_ACTATGCA_ATCATTCC	-8.75430407641286	-9.168716580399561	3	1368
CCAGTTCA_ATTGAGGA_AGTACAAG	4.68430357954156	12.4621850968097	3	3400
CCAGTTCA_CAACCACA_CCGTGAGA	13.5571351665256	-3.609931476751581	2	962
CCAGTTCA_CACCTTAC_CCGTGAGA	-17.5577788157876	-2.76461718517298	1	1390
CCAGTTCA_CCGACAAC_GCGAGTAA	3.34715811639449	12.161752038973301	3	3241
CCAGTTCA_CCTAATCC_CCGAAGTA	9.75900924842164	-6.07865994826327	2	806
CCAGTTCA_CGCATACA_TATCAGCA	14.6457443181999	-8.42611667548664	2	1438
CCAGTTCA_GAGCTGAA_CTGGCATA	-18.014961191916	-12.7799306463773	1	1931
CCAGTTCA_GCCAAGAC_AGTACAAG	-2.74260651278165	14.7753775346054	4	2876
CCAGTTCA_GCTCGGTA_GAGTTAGC	-0.43266484499243496	15.679768247082801	4	2528
CCAGTTCA_GTACGCAA_ATAGCGAC	12.1090760605457	-9.74337212344487	2	849
CCAGTTCA_GTCTGTCA_TGGCTTCA	-19.851599447325302	-11.993989695301304	1	2468
CCATCCTC_AATCCGTC_CCGTGAGA	3.50139956627018	26.1159307703679	5	2928
CCATCCTC_ACAGCAGA_CGCATACA	7.28180407458588	-21.263041600890396	7	1131
CCATCCTC_ACGCTCGA_GGTGCGAA	9.3783318982378	10.2194577709719	3	4413
CCATCCTC_AGCACCTC_CCATCCTC	-1.29450678487044	4.425120445925691	3	930
CCATCCTC_ATTGAGGA_CGGATTGC	-5.422387980490661	15.4331473678545	4	2383
CCATCCTC_CACCTTAC_AGAGTCAA	10.5778438364123	-5.9291228445239605	2	937
CCATCCTC_CATACCAA_GACAGTGC	9.07837082067454	-5.43583473216948	2	814
CCATCCTC_CATCAAGT_TTCACGCA	0.30228661507413296	16.489710691500402	4	2376
CCATCCTC_CCAGTTCA_GCTAACGA	7.41928462210712	-21.6333078015726	7	724
CCATCCTC_GCCAAGAC_CAAGACTA	5.34627075700023	23.069839534910106	5	3351
CCATCCTC_GTCTGTCA_AGGCTAAC	3.2587875151794203	12.957661446036804	3	3494
CCGAAGTA_AAGACGGA_CCATCCTC	4.454136990813152	3.48213932650231	3	3881
CCGAAGTA_ACTATGCA_TGAAGAGA	-13.0092113840411	-18.325201934932306	1	2804
CCGAAGTA_AGATCGCA_CGAACTTA	-12.074199643054	2.38937713610595	3	1889
CCGAAGTA_AGCACCTC_CACTTCGA	-15.657418698563001	1.18331769124727	1	2045
CCGAAGTA_ATCATTCC_ACGTATCA	-10.4267652699244	-15.4252627243576	1	2556
CCGAAGTA_CCGACAAC_ATCATTCC	30.163696611396603	-8.42702803676018	6	1019
CCGAAGTA_CCGTGAGA_CCATCCTC	14.963133305564401	-7.1671460815538	2	1005
CCGAAGTA_CCTCCTGA_CTGAGCCA	-15.8963771168892	-12.523291332293999	1	1807
CCGAAGTA_GCCACATA_ACTATGCA	9.84511471945065	-4.24995518858401	2	867
CCGAAGTA_GCCACATA_GAGCTGAA	10.6781844192494	16.9220573174418	3	4057
CCGAAGTA_GCTCGGTA_GTGTTCTA	10.305498762054802	-9.435908586989813	2	968
CCGACAAC_CAAGACTA_ACGCTCGA	30.4265874832619	-11.924996943921304	6	989
CCGACAAC_CAATGGAA_CTGGCATA	10.1265643599691	-1.50762079382371	2	845
CCGACAAC_CCTCTATC_CCTCCTGA	25.784423005111798	-9.33770621336511	6	877
CCGACAAC_CGACTGGA_ACAGATTC	-20.4219494424703	-6.17959447482909	1	1764
CCGACAAC_CGCTGATC_CAAGACTA	12.1518806169414	-7.06986114875857	2	875
CCGACAAC_CTGGCATA_AGCACCTC	29.793274874039803	-12.5709350897632	6	914
CCGACAAC_GTCGTAGA_ACGTATCA	5.2155978143733	24.698996468797894	5	3117
CCGACAAC_GTGTTCTA_GGTGCGAA	11.9769995768666	1.04593821195125	2	1020
CCGACAAC_TCTTCACA_CCTCCTGA	-12.2548499959655	-16.0096354979402	1	2543
CCGTGAGA_AACGTGAT_CTAAGGTC	-10.6426231293465	-7.58452611289983	1	1877
CCGTGAGA_ATCATTCC_AGATGTAC	10.3092156011084	0.0655891313319635	3	4379
CCGTGAGA_CACCTTAC_ACGTATCA	-9.194712180294609	-16.1982443678707	1	2941
CCGTGAGA_CATACCAA_CCGTGAGA	10.1672083857442	-4.97656432765253	2	871
CCGTGAGA_CCAGTTCA_GAACAGGC	-12.218390691956902	-7.51953934665775	1	1361
CCGTGAGA_CCGAAGTA_CCGTGAGA	-4.48261634928142	15.9969034741112	4	2159
CCGTGAGA_GCCAAGAC_AAGAGATC	5.79526145298725	7.94100018219018	3	3729
CCGTGAGA_GCCACATA_AAGGTACA	-21.6018812321723	-12.0221453846349	1	1926
CCGTGAGA_GCCACATA_TCCGTCTA	27.386630505794106	-11.346910575463099	6	835
CCGTGAGA_GCGAGTAA_ATCATTCC	-6.269714714626371	-12.762969100579	1	2653
CCTAATCC_AAGGACAC_CATCAAGT	-13.522270396177499	-5.15033665972933	1	1773
CCTAATCC_AAGGACAC_CCTCTATC	12.1922863125643	-3.01850234230676	2	1077
CCTAATCC_AGCAGGAA_CTGTAGCC	4.69012396014359	21.3042096360834	3	3298
CCTAATCC_AGGCTAAC_ACGTATCA	-12.8808787468458	-3.68823633360366	1	1131
CCTAATCC_ATCATTCC_ATAGCGAC	-11.8605827412166	-19.088142062335802	1	2654
CCTAATCC_CACCTTAC_TGGTGGTA	-5.89347766138022	16.899340934789	4	1135
CCTAATCC_CCTCCTGA_AGATGTAC	0.514575403976557	12.4070609155789	4	3095
CCTAATCC_GCGAGTAA_GTCTGTCA	-6.29777383863239	-12.8224936318556	1	2268
CCTAATCC_GTCGTAGA_AAGGACAC	2.6595989603591	28.5220100410318	5	2684
CCTAATCC_TCTTCACA_CTCAATGA	10.3668886891054	3.62227381129928	3	907
CCTAATCC_TTCACGCA_ACCACTGT	-0.705946978467004	13.2687732330531	4	2868
CCTCCTGA_AACTCACC_ATTGGCTC	-9.93238854495616	14.370657874991	4	1826
CCTCCTGA_CAATGGAA_AGTCACTA	9.98178730463483	-7.50893319756811	2	1017
CCTCCTGA_CCGTGAGA_CTCAATGA	13.1498164652073	3.2333250540454	3	1427
CCTCCTGA_CCTAATCC_TATCAGCA	16.9866034877207	-8.46443900274075	2	1008
CCTCCTGA_GCTCGGTA_CGGATTGC	-19.297998242198695	-10.6667329634543	1	2088
CCTCCTGA_GTACGCAA_AGATCGCA	-18.136679508643397	-7.3320232633018385	1	1673
CCTCCTGA_TTCACGCA_GGAGAACA	-10.0856059092983	-15.6089462492541	1	2817
CCTCTATC_AACCGAGA_TAGGATGA	-17.3986335425982	-12.3545451651397	1	2389
CCTCTATC_ACAGCAGA_GATAGACA	-12.625550504054198	-9.62760392026741	1	1881
CCTCTATC_ACATTGGC_GGAGAACA	12.7146042138184	-6.04205122183094	2	874
CCTCTATC_ATCCTGTA_GACAGTGC	8.04339632684312	-23.171044442198898	7	2000
CCTCTATC_CCAGTTCA_CAGATCTG	13.449864833679301	-9.8889615230266	2	1048
CCTCTATC_CCGTGAGA_CCGTGAGA	11.432522547081001	-6.82631994561684	2	903
CCTCTATC_CGGATTGC_CCAGTTCA	0.914806463603448	27.9103118339782	5	2494
CCTCTATC_GACAGTGC_AACGTGAT	-0.74796304337601	18.1205942304533	4	2562
CCTCTATC_GCTCGGTA_CAGCGTTA	-1.22757135696841	17.6211161316417	4	2366
CCTCTATC_GTGTTCTA_ATAGCGAC	0.8957731620346729	0.7066745308160821	3	859
CCTCTATC_TGGCTTCA_CAAGACTA	7.58536633528634	-21.7463969786341	7	927
CGAACTTA_AACGCTTA_CGAACTTA	-11.8378246397912	-17.0444679951712	1	2354
CGAACTTA_AAGAGATC_AAGGACAC	-21.271619158228894	-4.77141704231351	1	2600
CGAACTTA_AAGAGATC_GAGTTAGC	-4.12240899958386	11.844663371544199	4	2752
CGAACTTA_AAGGTACA_AGATGTAC	-13.8743191070996	-8.75115684881285	1	2068
CGAACTTA_ACAAGCTA_AGGCTAAC	-21.187572882365306	-1.8936765583526	1	2055
CGAACTTA_AGCAGGAA_AGTGGTCA	-2.95853455977914	12.889041490466099	4	2694
CGAACTTA_ATTGAGGA_AAGGACAC	-15.7891813498631	-4.61029005234767	1	1872
CGAACTTA_CATACCAA_CACTTCGA	9.53773715392843	-3.30977549219262	2	934
CGAACTTA_CTGAGCCA_CCGAAGTA	15.3696551475757	-6.58610603248554	2	1025
CGAACTTA_GAATCTGA_GATGAATC	8.968803009927198	-4.81538990316367	2	844
CGAACTTA_GGAGAACA_AAGGTACA	0.526965367925892	13.485423689067302	4	3067
CGAACTTA_TCTTCACA_CAGATCTG	-8.30865381401713	-17.141465447623	1	2907
CGACACAC_AAGACGGA_CCATCCTC	10.2926011488237	-8.305783328705191	2	888
CGACACAC_ACGCTCGA_ACTATGCA	-2.09525351971197	15.33926343433	4	2491
CGACACAC_AGATGTAC_CACCTTAC	-11.992695962702902	-3.12757337532371	1	1262
CGACACAC_CATACCAA_TTCACGCA	17.613420947100398	-7.94227798757047	2	1094
CGACACAC_CCAGTTCA_TGAAGAGA	9.5737130402867	17.777170282700602	3	2222
CGACACAC_GTACGCAA_ACACAGAA	-1.07633010323533	26.7259925316672	5	1214
CGACACAC_TGGAACAA_CCATCCTC	3.39555500654024	-1.4245791657843	3	4721
CGACACAC_TGGCTTCA_CGGATTGC	2.9379914557668103	-2.35798563853343	3	4854
CGACTGGA_AACGTGAT_AACGCTTA	8.16517762333898	8.869859179033028	3	4164
CGACTGGA_AAGGTACA_GCCAAGAC	-16.6849110899594	-5.17916610373349	1	2099
CGACTGGA_ACCTCCAA_AGTGGTCA	26.8674599468651	-10.4201169956703	6	797
CGACTGGA_CCTCTATC_CAACCACA	9.03562540003029	10.6848880706246	3	4135
CGACTGGA_TGGAACAA_TGAAGAGA	3.26843566156832	13.085787810822401	3	3385
CGACTGGA_TGGCTTCA_ACCACTGT	-12.337010242892802	-19.1638420183264	1	3054
CGACTGGA_TTCACGCA_AAGAGATC	12.6560816970121	-6.60238858301084	2	857
CGCATACA_AAACATCG_TGGCTTCA	-0.185363649614763	26.9985007569242	5	2146
CGCATACA_AGCAGGAA_CCTCCTGA	8.09308254903406	-5.99419536330129	2	880
CGCATACA_AGTGGTCA_ATCATTCC	-21.837499480012003	-1.9732401806902	1	1883
CGCATACA_CCATCCTC_TGGTGGTA	15.9670687720131	7.61968698749899	3	312
CGCATACA_CCTCTATC_AATGTTGC	7.77390167915924	11.9979654748814	3	3494
CGCATACA_GAGTTAGC_CACCTTAC	-0.402673075230645	29.204161632403196	5	1160
CGCATACA_GAGTTAGC_GGAGAACA	11.3595190099269	2.03881001540392	2	837
CGCATACA_GCGAGTAA_GGTGCGAA	14.6717950108217	-2.54098293805973	2	877
CGCTGATC_ACACGACC_CGACACAC	-15.821661239354901	-5.15600622457523	1	1855
CGCTGATC_AGTCACTA_ATAGCGAC	-16.5689473727071	-3.71419786411998	1	1486
CGCTGATC_AGTGGTCA_AACGTGAT	-24.3037165509089	-1.2530848046436	1	2627
CGCTGATC_CACTTCGA_GTGTTCTA	28.2069281880882	-7.89046088892886	6	893
CGCTGATC_CCAGTTCA_CCGTGAGA	-16.588138802506197	-14.9308252203411	1	2602
CGCTGATC_CGAACTTA_AGATCGCA	4.6144517789121915	21.9171994693119	5	3217
CGCTGATC_CGGATTGC_AATCCGTC	29.11615068327	-10.931722777042598	6	1049
CGCTGATC_TTCACGCA_ACATTGGC	2.5593128585177003	7.4991193901826385	3	3407
CGGATTGC_AAACATCG_CAGCGTTA	10.3965596615801	16.957090943794903	3	3703
CGGATTGC_ACAGATTC_TCTTCACA	1.1636318080026498	27.4139365843018	5	2197
CGGATTGC_ACCACTGT_ATGCCTAA	-13.648644295401	-11.6294550689855	1	2051
CGGATTGC_ACCACTGT_CCGAAGTA	-17.1348455423523	-11.418740978401502	1	2316
CGGATTGC_AGTACAAG_ATGCCTAA	16.9746706171308	-8.20156002914093	2	947
CGGATTGC_CAATGGAA_CGCTGATC	-11.2048958439042	-11.8213541716675	1	1943
CGGATTGC_CAGATCTG_GTCTGTCA	27.6739860565764	-11.0784276027853	6	773
CGGATTGC_CCGACAAC_CATCAAGT	-10.2504421438105	-16.552833531331302	1	2659
CGGATTGC_CGACACAC_CTGGCATA	2.80192225617458	5.77110818804723	3	3150
CGGATTGC_GACTAGTA_CAGATCTG	11.196283141162901	-3.95656440117517	2	909
CGGATTGC_TGGCTTCA_CCATCCTC	-21.65375600105489	-2.76877867492858	1	1765
CGGATTGC_TGGTGGTA_CAATGGAA	15.999284854884698	7.59494068130289	3	136
CTAAGGTC_AACGTGAT_ACAGATTC	4.32957978031836	10.8162811017887	3	987
CTAAGGTC_AACTCACC_CCGAAGTA	-14.722609554871699	-6.929136560505952	1	1727
CTAAGGTC_AAGGACAC_GACAGTGC	-14.3391301118524	0.25924994350971803	1	980
CTAAGGTC_ACCACTGT_GCCACATA	-16.336491316833197	-4.5526780953036114	1	1850
CTAAGGTC_ACTATGCA_GATAGACA	-4.06099343376303	10.2353592680823	3	1106
CTAAGGTC_AGCAGGAA_ACTATGCA	-15.191443957446001	-6.22786300211501	1	1858
CTAAGGTC_AGTCACTA_GTCGTAGA	3.50453024615592	-1.23329857772025	3	4338
CTAAGGTC_ATCATTCC_GCCACATA	-2.69514781187096	9.97749985344531	3	2924
CTAAGGTC_ATCCTGTA_GAATCTGA	-21.9175021710034	-5.94680229982555	1	2051
CTAAGGTC_CAAGACTA_AACTCACC	5.2706853349892	25.7968407931846	5	3308
CTAAGGTC_CAATGGAA_GTGTTCTA	9.01729850002282	-7.117357892139862	2	882
CTAAGGTC_CATACCAA_TGGCTTCA	8.98336417503977	-3.14816142805599	2	832
CTAAGGTC_CCAGTTCA_ACAAGCTA	2.81373186690973	9.30192999804206	3	3282
CTAAGGTC_CCGAAGTA_CCTCCTGA	-17.380337611391898	-2.87905189288203	1	1443
CTAAGGTC_CTAAGGTC_ACAGATTC	-14.836236605499899	-15.022063631029301	1	2374
CTCAATGA_AAGGTACA_AACGCTTA	-9.83931596215419	-14.1175300045801	1	2346
CTCAATGA_ACAAGCTA_CAAGGAGC	7.29598755747384	7.53904724290308	3	3816
CTCAATGA_ATAGCGAC_ACGCTCGA	-7.0022668091637685	16.118817016955198	4	936
CTCAATGA_CACTTCGA_AATCCGTC	-15.925735331565699	-13.828477231910698	1	2124
CTCAATGA_CATACCAA_CCAGTTCA	-18.2380130444683	-12.4572316778028	1	2273
CTCAATGA_GACTAGTA_AGATCGCA	-5.92750986538814	14.613241802730697	4	2107
CTCAATGA_GATAGACA_CAACCACA	15.002443715234099	-5.51708463607264	2	1079
CTCAATGA_GGAGAACA_AGCCATGC	28.600275590446	-10.7058913549933	6	893
CTCAATGA_TATCAGCA_GCGAGTAA	-12.3999990470459	-12.9386691660764	1	2022
CTCAATGA_TCCGTCTA_CAGATCTG	3.45000273310816	28.6134299507622	5	2828
CTGAGCCA_AAACATCG_CCAGTTCA	9.53562257881175	17.8668105293813	3	2243
CTGAGCCA_AACGTGAT_CGGATTGC	6.005376437162581	4.13165033163627	3	3814
CTGAGCCA_AAGAGATC_ACCTCCAA	-22.8428794467267	-3.25764907055722	1	1661
CTGAGCCA_ACAGATTC_CAAGACTA	-13.015087382128401	-10.766093738552597	1	1934
CTGAGCCA_AGATCGCA_GAATCTGA	1.80691305865895	16.3129337942238	4	2859
CTGAGCCA_AGTCACTA_CCTCCTGA	29.5427998525834	-11.7869859880444	6	833
CTGAGCCA_CAAGGAGC_CGGATTGC	16.4023820783481	-4.66718330259713	2	912
CTGAGCCA_CCGTGAGA_ACGTATCA	3.4618882075214303	25.7948165829463	5	2565
CTGAGCCA_CTGTAGCC_CCAGTTCA	26.747325613235894	-10.079361444571699	6	859
CTGAGCCA_GTGTTCTA_TCTTCACA	13.128552415777	-6.2722708878958615	2	1032
CTGAGCCA_TAGGATGA_ACAGATTC	-3.49347356478964	16.9220130339008	4	2655
CTGAGCCA_TGGCTTCA_CAACCACA	-11.3922165555004	-11.0189572162943	1	1985
CTGGCATA_AATCCGTC_CAGCGTTA	-7.64965161581947	17.0688387756784	4	1064
CTGGCATA_ACAGATTC_AAGGACAC	-0.529022960043308	15.037925677927001	4	2921
CTGGCATA_CAAGGAGC_ACACAGAA	12.7627575480092	-5.550235986608571	2	1124
CTGGCATA_CAATGGAA_TATCAGCA	11.581186665267198	-0.650725232635119	2	859
CTGGCATA_CCATCCTC_ACCACTGT	14.486188340529699	-3.51438783647293	2	1043
CTGGCATA_GAGCTGAA_AACGTGAT	-14.2502595651015	-14.039329972195402	1	2059
CTGGCATA_GTACGCAA_TATCAGCA	-20.8580415760903	-3.75171522844823	1	1845
CTGGCATA_TGGAACAA_ACCTCCAA	-22.4374782417445	-2.327121787304069	1	2105
CTGTAGCC_AAGAGATC_AAGACGGA	-18.9361396442089	-7.70747640486183	1	1474
CTGTAGCC_CAACCACA_ACATTGGC	-3.4315363779012698	13.549927746241	4	2638
CTGTAGCC_CAAGACTA_GATAGACA	-1.04941442458114	17.9082639761246	4	2093
CTGTAGCC_CAAGGAGC_GGTGCGAA	2.9030060375258304	5.66130337487593	3	3610
CTGTAGCC_CAGATCTG_ACAGATTC	-3.57826360155489	6.93502426810671	3	915
CTGTAGCC_CGGATTGC_ACACAGAA	4.92641237037056	26.34162704464	5	3295
GAACAGGC_AACGTGAT_CTGGCATA	-20.0256520120601	-8.95353577973382	1	1661
GAACAGGC_ACGCTCGA_AAGGTACA	5.0566284692525585	0.586333528995698	3	3987
GAACAGGC_AGAGTCAA_ACATTGGC	7.55478059736771	-21.973871868569002	7	742
GAACAGGC_ATTGGCTC_AGCCATGC	-16.928306161559	-12.746594114068301	1	2194
GAACAGGC_CGCATACA_TGGAACAA	-19.991217086943106	-3.4745148708265297	1	1692
GAACAGGC_CTGAGCCA_ACACAGAA	6.325475541487241	4.97802736346221	3	3739
GAACAGGC_CTGAGCCA_ACCACTGT	9.46966247258741	-2.03068223974866	2	838
GAATCTGA_AAACATCG_AAGACGGA	-11.8663996535086	-8.31061753082771	1	1570
GAATCTGA_AAGACGGA_AAGGTACA	1.31944329460601	1.06113586824128	3	773
GAATCTGA_ACAAGCTA_AGATGTAC	4.7112564517125985	6.03414560970235	3	3788
GAATCTGA_CACTTCGA_GAATCTGA	-14.340888829404099	-3.6370728804154	1	1576
GAATCTGA_CACTTCGA_GATGAATC	0.214044488369666	8.58878190283252	3	3147
GAATCTGA_CCGTGAGA_CCAGTTCA	4.79786213740291	25.392509225633397	5	3352
GAATCTGA_CCGTGAGA_GCCACATA	15.1411601669436	-4.41585297196248	2	1331
GAATCTGA_CGACACAC_ACACGACC	12.737242053079903	-1.2888076858391295	2	855
GAATCTGA_CGACACAC_ACAGCAGA	-20.6541566117954	-4.56207980698446	1	2063
GAATCTGA_TATCAGCA_AATCCGTC	12.6022238586131	-10.315167063509001	2	974
GAATCTGA_TCTTCACA_GCCACATA	12.780386388075	-5.714842890082999	2	1156
GAATCTGA_TGGCTTCA_CAGATCTG	29.174545350352894	-7.240424101244629	6	881
GACAGTGC_AACTCACC_ACACGACC	9.19189931407211	11.2041823078927	3	4411
GACAGTGC_ACAGCAGA_ACATTGGC	-18.4396217982567	-8.45261070487728	1	1531
GACAGTGC_ATCCTGTA_GCCACATA	3.44790313570171	29.153885165204105	5	2942
GACAGTGC_CATCAAGT_GCCACATA	-18.4332683194637	-12.094931577641802	1	1976
GACAGTGC_CCTCTATC_AGAGTCAA	9.695798519555039	10.1608790837185	3	4991
GACAGTGC_CGACACAC_CTGAGCCA	-18.805620886739106	-3.17189192366168	1	1896
GACAGTGC_CGACACAC_GGTGCGAA	-10.343057410124901	-14.6858901079255	1	2410
GACAGTGC_GAATCTGA_CATACCAA	7.447817974440238	11.1127216844025	3	3772
GACAGTGC_GTCTGTCA_GAATCTGA	0.4306096572606721	9.12779059859538	3	3308
GACAGTGC_GTGTTCTA_AATGTTGC	-2.4336192732454	14.8045535473311	4	2628
GACTAGTA_ACACAGAA_AGCACCTC	13.072154303462401	-9.00953978935882	2	901
GACTAGTA_AGCACCTC_CCTCCTGA	8.15900223734018	-21.442355553805	7	1439
GACTAGTA_AGCAGGAA_TATCAGCA	1.83173922673295	20.9302597057042	5	2628
GACTAGTA_AGCCATGC_CACCTTAC	-12.3065658032499	-17.6894173483187	1	2543
GACTAGTA_ATCCTGTA_CATACCAA	-0.911916723150586	14.2514890630371	4	2853
GACTAGTA_CAACCACA_TGGCTTCA	-5.81015143807672	-8.107992491010599	1	1407
GACTAGTA_CACCTTAC_GAATCTGA	-19.4427016171454	-9.97890030320384	1	1599
GACTAGTA_CACTTCGA_AGCCATGC	11.5929662701525	1.56169413610742	2	1189
GACTAGTA_CCGTGAGA_CAATGGAA	9.78530917779195	-6.69360929897125	2	858
GACTAGTA_GGTGCGAA_GTACGCAA	-15.355833417049599	-3.16555996828515	1	1504
GACTAGTA_TAGGATGA_AAGACGGA	-14.1718359180051	-14.4800297600234	1	2369
GACTAGTA_TGGAACAA_CTGGCATA	1.23840964873933	25.7818087353539	5	2942
GAGCTGAA_ACAAGCTA_CAAGACTA	12.1213886327634	-3.09807883362289	2	1031
GAGCTGAA_CAAGGAGC_CATACCAA	-17.287341553917805	-13.397086959968501	1	1993
GAGCTGAA_CAGCGTTA_CATACCAA	-16.7381564700909	-15.6281909464993	1	2464
GAGCTGAA_CCAGTTCA_GTACGCAA	-11.2722627533941	-12.1769569272171	1	1942
GAGCTGAA_CCTCTATC_GACTAGTA	11.352482537489099	-7.735186517346442	2	927
GAGCTGAA_GCCAAGAC_ACATTGGC	-12.4879381530407	-10.0943490781393	1	1752
GAGCTGAA_GCCACATA_GTCGTAGA	7.78019091301329	-5.52088585484829	2	1006
GAGCTGAA_TCTTCACA_GCCAAGAC	-3.65404049233134	18.379894101317802	4	2053
GAGCTGAA_TGGCTTCA_GTCGTAGA	0.972468439362558	15.219837081989901	4	3079
GAGTTAGC_ACACAGAA_CCGAAGTA	-17.725058823209103	0.21494134962340106	1	1177
GAGTTAGC_AGCCATGC_AGATGTAC	27.1904064625581	-9.02990956779092	6	1020
GAGTTAGC_CAACCACA_CCATCCTC	28.485330074614897	-8.788667192799421	6	971
GAGTTAGC_CAAGACTA_GAATCTGA	15.9209855776759	7.594458039208798	3	319
GAGTTAGC_GCGAGTAA_ACACAGAA	-19.93821777554	-2.53849080754327	1	1504
GATAGACA_AATGTTGC_AATGTTGC	16.302480572523198	-5.744220588446598	2	1085
GATAGACA_ACAGCAGA_AGATGTAC	4.95258234304311	22.066921661122198	3	3388
GATAGACA_AGCACCTC_GCTAACGA	-14.654687793609	-12.8593714545732	1	2118
GATAGACA_AGTCACTA_GAATCTGA	-20.6012142810769	-12.2293909032429	1	2182
GATAGACA_CATACCAA_ATCCTGTA	10.512509314736901	-4.13292162579779	2	962
GATAGACA_CCAGTTCA_AACGCTTA	6.74608175120477	25.8321831735295	5	3805
GATAGACA_CCTAATCC_GAACAGGC	8.85197796701183	-9.433848929463881	2	984
GATAGACA_CCTCCTGA_ATAGCGAC	5.390465349855	8.522633457901161	3	3740
GATAGACA_CGGATTGC_GAACAGGC	-21.8531962876281	-3.45889621961934	1	1942
GATAGACA_CTCAATGA_AGATCGCA	12.2620486298952	-1.83680732184476	2	1000
GATGAATC_ACAGCAGA_AAGGACAC	-7.078920224356401	13.582093925234199	4	920
GATGAATC_ACATTGGC_CTGGCATA	-24.0632040210686	-1.53371744159112	1	2475
GATGAATC_ACGTATCA_GAGCTGAA	-2.24110721793814	14.612946967899196	4	2826
GATGAATC_ACTATGCA_ACAGCAGA	15.304062329295304	-4.10730820894552	2	964
GATGAATC_ATAGCGAC_ATCATTCC	11.654752987080801	-8.95129415435091	2	805
GATGAATC_ATTGGCTC_CCTAATCC	-15.6544195202952	-3.4571480056559105	1	1449
GATGAATC_CTAAGGTC_CACCTTAC	6.12169132364089	25.8960133182406	5	3209
GATGAATC_GACTAGTA_ATAGCGAC	-0.70234045114602	14.1015886398243	4	2941
GATGAATC_GACTAGTA_TAGGATGA	-1.52632517406895	16.328739248004197	4	2507
GATGAATC_GATGAATC_CTGTAGCC	-11.8560874577249	-18.368267960588106	1	2634
GATGAATC_GCCACATA_CCGACAAC	3.50699742610528	14.650482620464	4	3017
GATGAATC_GGTGCGAA_ACATTGGC	12.553599475410197	-10.7413859294747	2	920
GATGAATC_GTACGCAA_TATCAGCA	-1.30836391575512	26.45185669738	5	1498
GATGAATC_GTCTGTCA_CGCATACA	-3.957416825313	15.7754281777441	4	2089
GATGAATC_TAGGATGA_CCTCTATC	8.971153863618971	-10.7213836965824	2	1059
GATGAATC_TCTTCACA_TCTTCACA	-8.593851364522639	15.1154864343734	4	870
GCCAAGAC_AACGTGAT_AAGAGATC	-11.917097591826401	-13.3488228817244	1	2178
GCCAAGAC_AACGTGAT_TTCACGCA	-11.9646937171151	-13.2225167554334	1	2013
GCCAAGAC_ACGCTCGA_ATCATTCC	6.82031538223302	5.21218208810285	3	3932
GCCAAGAC_ACGTATCA_GCTAACGA	9.59723312595612	16.575373409118303	3	2715
GCCAAGAC_AGCAGGAA_AGTGGTCA	-15.9489686605091	0.997716243004069	1	1714
GCCAAGAC_CATCAAGT_AGTACAAG	11.949604478865199	-11.392345802691601	2	894
GCCAAGAC_CCGAAGTA_ATTGAGGA	3.63576483342099	16.8887611802819	4	2999
GCCAAGAC_GAATCTGA_CAGCGTTA	22.1750888756576	-6.75233519784434	6	1021
GCCAAGAC_GAGCTGAA_CTGTAGCC	-1.09484085179487	10.385724777661697	3	2984
GCCAAGAC_GAGTTAGC_AGAGTCAA	-10.717778000529801	-4.1700770791135495	1	1246
GCCAAGAC_GATGAATC_GTCTGTCA	-1.68864915133168	11.740093915429599	4	3081
GCCAAGAC_GATGAATC_TGGTGGTA	-4.922090044368058	15.2194289631778	4	2401
GCCACATA_ATCCTGTA_CAATGGAA	-13.8728553530404	-7.52069784937302	1	1261
GCCACATA_CGAACTTA_ACACAGAA	7.68678896854725	-21.6967654627215	7	1128
GCCACATA_CTAAGGTC_AACTCACC	10.3707093487576	-6.46731262803946	2	805
GCCACATA_CTAAGGTC_CAATGGAA	11.1581988642398	-2.19665241437081	2	928
GCCACATA_CTGAGCCA_AACGCTTA	1.505155501431	10.873478598826498	3	3079
GCCACATA_TCCGTCTA_ACGTATCA	-6.15540404679648	-12.879665098719	1	2795
GCCACATA_TGGCTTCA_TCTTCACA	-0.656423011942718	13.2806746710827	4	3000
GCGAGTAA_AACGCTTA_TGGAACAA	6.11176340734578	4.75010271359187	3	3382
GCGAGTAA_AAGGACAC_ATTGAGGA	31.2038564339224	-9.18160671802031	6	1066
GCGAGTAA_AAGGACAC_CTGAGCCA	-21.783980388569198	-8.31059335596958	1	2013
GCGAGTAA_ACACGACC_AGCCATGC	-4.5066242391677696	13.436680874876	4	2225
GCGAGTAA_AGATGTAC_GAGTTAGC	-1.0706986320127	10.3107956463789	3	3089
GCGAGTAA_ATAGCGAC_CCGAAGTA	3.09148856263645	27.297226634559003	5	2932
GCGAGTAA_CAGCGTTA_AATCCGTC	29.8607697084309	-9.48936407390747	6	986
GCGAGTAA_GACAGTGC_AGATGTAC	4.41003325597512	26.175282322199106	5	2553
GCGAGTAA_GCTAACGA_GCCAAGAC	3.06283173404054	14.250892414546303	4	3012
GCGAGTAA_TTCACGCA_CAAGACTA	10.013431003932	-2.9507424378083	2	883
GCTAACGA_AACGCTTA_ACGTATCA	28.558134090672496	-9.18284633209288	6	926
GCTAACGA_AAGACGGA_CGACACAC	-18.7989387978177	-1.4438870258554302	1	1483
GCTAACGA_AAGGTACA_AACGTGAT	-20.0652061454412	-7.12370856909037	1	1408
GCTAACGA_ACCACTGT_TAGGATGA	4.32977002732569	4.9219286957438495	3	3623
GCTAACGA_ATCATTCC_CGCTGATC	26.108242548611997	-10.7154230660719	6	953
GCTAACGA_CCTAATCC_AGTACAAG	-20.4016847444118	-10.0904443496337	1	1505
GCTAACGA_CCTCCTGA_TATCAGCA	27.6229497364109	-11.6692273475377	6	860
GCTAACGA_CGACACAC_ATCATTCC	6.3570085321477805	5.461074848725341	3	3567
GCTAACGA_CGCTGATC_AGGCTAAC	-16.3393006859184	-3.5028823090410603	1	1659
GCTAACGA_CGGATTGC_CTGTAGCC	21.955676188487892	-6.6903085666037	2	1186
GCTAACGA_CTAAGGTC_AACCGAGA	-10.4716632343591	-10.6114149293766	1	2008
GCTAACGA_GACAGTGC_AGCACCTC	-11.003296014867699	-5.96189598511143	1	1414
GCTAACGA_GACAGTGC_GATAGACA	-11.8134612433323	-6.254355807561059	1	1658
GCTCGGTA_ACATTGGC_TCCGTCTA	-16.5186873970346	-2.8191248765003403	1	1281
GCTCGGTA_ACCACTGT_TCCGTCTA	11.1024224099478	16.7725637979828	3	4568
GCTCGGTA_AGTCACTA_AACTCACC	-19.3427943879719	-11.2875889776959	1	1875
GCTCGGTA_ATTGAGGA_ATTGAGGA	-20.4576410706437	-7.23968214956538	1	1780
GCTCGGTA_ATTGGCTC_GCCACATA	4.883679741895	2.15101862212867	3	4117
GCTCGGTA_CCGACAAC_GAACAGGC	2.16070963564158	15.4107880803752	4	2915
GCTCGGTA_CCGACAAC_TGAAGAGA	2.3525791861471403	14.559900095704998	4	3151
GCTCGGTA_GAATCTGA_CCTCTATC	-20.5105167445845	-14.725748071984999	1	1237
GCTCGGTA_GAGTTAGC_TGGCTTCA	7.8716125743601	-3.180285615399	2	826
GCTCGGTA_GATGAATC_GTACGCAA	-15.121577836468804	-16.992364964867402	1	3112
GCTCGGTA_TGGTGGTA_AACCGAGA	11.2463112095514	-7.65941411985987	2	866
GGAGAACA_ACAGATTC_GAACAGGC	28.4610666842561	-9.557041020500439	6	946
GGAGAACA_ACTATGCA_ATAGCGAC	28.482804231129304	-11.3458943582692	6	800
GGAGAACA_AGAGTCAA_ATGCCTAA	-15.3965939506867	-13.413916289971096	1	2256
GGAGAACA_AGATCGCA_ACGTATCA	-0.8484968206247651	19.180262792945	4	2856
GGAGAACA_AGCAGGAA_TTCACGCA	4.953389979196031	13.7030392348506	3	3358
GGAGAACA_AGGCTAAC_AGGCTAAC	7.948423636798049	-0.699223840236945	2	816
GGAGAACA_ATGCCTAA_ACACGACC	-14.1174722264402	-6.28047887295046	1	1797
GGAGAACA_ATTGGCTC_CTGAGCCA	10.0939634158336	4.05157654744317	3	818
GGAGAACA_CCATCCTC_TGAAGAGA	-16.3449601906258	0.117449109749601	1	1216
GGAGAACA_TAGGATGA_TGAAGAGA	-18.9276967189017	-5.31163487059775	1	1895
GGAGAACA_TGGTGGTA_CCATCCTC	5.356544237408	1.17677156272181	3	3934
GGTGCGAA_ACAAGCTA_AAGGTACA	-0.364431735805993	18.118386740982398	4	2610
GGTGCGAA_ACAAGCTA_ATCCTGTA	5.405202370095941	-0.25026721366164395	3	4313
GGTGCGAA_ACCTCCAA_CTCAATGA	-8.51245592315812	-17.9519913428849	1	3032
GGTGCGAA_CACTTCGA_TCCGTCTA	3.09168851555799	21.1026231502975	5	2752
GGTGCGAA_CATACCAA_CAAGACTA	-0.9816034144169709	10.2122564055074	3	3043
GGTGCGAA_CCGACAAC_CAATGGAA	29.5852137087347	-10.806728114050696	6	880
GGTGCGAA_CGCATACA_AAACATCG	18.475702804855302	-7.89959134132839	2	1121
GGTGCGAA_CTCAATGA_GGTGCGAA	-11.908534444729199	-15.3462972951969	1	2433
GGTGCGAA_TGGCTTCA_CAGCGTTA	3.4245595803219504	27.5770796942708	5	2755
GTACGCAA_AGGCTAAC_AATCCGTC	-6.81738242265921	-6.90343662163257	1	1864
GTACGCAA_AGGCTAAC_CTCAATGA	6.54327377560107	7.93644555703135	3	3564
GTACGCAA_CACCTTAC_GGTGCGAA	9.67684057095552	17.641271064147602	3	2801
GTACGCAA_CACCTTAC_GTCGTAGA	8.58287997467846	12.0668566589048	3	3375
GTACGCAA_GCCACATA_GTCGTAGA	1.53195180084336	15.0714081853055	4	2999
GTACGCAA_GTGTTCTA_CTAAGGTC	7.70686090258867	-8.310887690288679	2	963
GTCGTAGA_CCGACAAC_GAACAGGC	12.2943226398809	-9.60992624667534	2	832
GTCGTAGA_CCGTGAGA_AGCAGGAA	-2.42569240384987	16.729709886208802	4	2406
GTCGTAGA_GACAGTGC_CGCATACA	-11.740102720967698	-12.6998091500892	1	1899
GTCGTAGA_GAGTTAGC_AAGACGGA	-17.772978382081302	-6.62022911857554	1	1730
GTCGTAGA_GCCACATA_CACCTTAC	-11.7643668888463	-17.363799005790302	1	2497
GTCGTAGA_GTCGTAGA_ACACAGAA	-10.6811768753377	-12.9253029421402	1	2067
GTCTGTCA_ACGTATCA_CAAGGAGC	7.27072794265774	-2.75356980503176	2	1176
GTCTGTCA_AGTCACTA_AATCCGTC	-10.6485057037465	-5.400665003466702	1	1232
GTCTGTCA_ATTGAGGA_AGTCACTA	-21.247677823373106	-7.3765916457437815	1	1642
GTCTGTCA_CTGAGCCA_GAACAGGC	-0.542959022405147	26.9576493595758	5	1997
GTCTGTCA_CTGAGCCA_TATCAGCA	-11.4724864623859	-17.0900429450094	1	2551
GTCTGTCA_CTGTAGCC_TTCACGCA	-13.5179378024614	-18.9969929732544	1	2290
GTCTGTCA_GACTAGTA_AAGGTACA	-2.80279905050934	13.8960055687475	4	2524
GTCTGTCA_TCTTCACA_GTCTGTCA	7.327601000497	7.80602528323914	3	3841
GTGTTCTA_AAGGTACA_GGTGCGAA	-7.4838609023143485	16.961205803012902	4	975
GTGTTCTA_AGGCTAAC_CGACTGGA	8.03615833835717	-5.68974110908686	2	827
GTGTTCTA_ATCATTCC_ACACAGAA	-16.8073433087622	-9.64506074212861	1	2091
GTGTTCTA_ATTGGCTC_CATCAAGT	27.122131767171894	-8.88225443033656	6	848
GTGTTCTA_CAACCACA_AACCGAGA	3.76794227917876	27.5787533017352	5	2878
GTGTTCTA_CAAGACTA_AAGGACAC	-20.5227138890845	-2.85041853886946	1	1563
GTGTTCTA_CACCTTAC_AGCAGGAA	-19.998912713720003	-5.07832688562746	1	1904
GTGTTCTA_CCTCTATC_AGTCACTA	25.1589359593186	-10.3758078464555	6	990
GTGTTCTA_CGACACAC_GAATCTGA	-14.5912792177245	-3.82518552830008	1	1363
GTGTTCTA_CGCTGATC_ACCACTGT	-14.330798391287	-12.9636333658854	1	2408
TAGGATGA_AAGGACAC_AATGTTGC	23.9008609336032	-10.678192066209	6	1258
TAGGATGA_ACGTATCA_CCATCCTC	18.5205476845755	-5.5217963726371515	2	1343
TAGGATGA_AGATCGCA_GCTAACGA	-9.19909619295499	14.767143556493002	4	1487
TAGGATGA_CGGATTGC_AATGTTGC	28.379764441367396	-7.431427632804412	6	875
TAGGATGA_CTGAGCCA_GTGTTCTA	-7.92868282431159	-15.8366703430789	1	2776
TAGGATGA_GAGTTAGC_GAGCTGAA	26.3151648825777	-11.690848930665801	6	1114
TAGGATGA_TGGCTTCA_AGTGGTCA	6.202498451885298	26.4334696465738	5	3193
TAGGATGA_TGGTGGTA_AACGCTTA	-2.26139305680071	13.2374498738517	4	2998
TATCAGCA_ACCTCCAA_ACAGATTC	9.556777750893973	-2.1261718574435	2	986
TATCAGCA_AGATGTAC_GCCAAGAC	-6.31388826944229	16.0792480168712	4	884
TATCAGCA_CAACCACA_ACAAGCTA	-4.9174357108130895	15.1504681763854	4	2630
TATCAGCA_CAAGACTA_AATCCGTC	4.90623623126972	1.2568350100789	3	4065
TATCAGCA_CAGATCTG_GTGTTCTA	-24.2077248217649	-2.62279804915042	1	2520
TATCAGCA_GACTAGTA_ACACAGAA	-22.8978731978668	-7.82872149005005	1	1502
TATCAGCA_GCCAAGAC_CGCTGATC	15.584085341348699	-5.76679262998992	2	1318
TCCGTCTA_AACGCTTA_GTACGCAA	-12.6643908192327	-17.2750363465459	1	2455
TCCGTCTA_ACACAGAA_ACGTATCA	-14.574014891266598	-5.81245070724399	1	1393
TCCGTCTA_ACAGCAGA_ATAGCGAC	0.579574409255213	27.1260348059303	5	2102
TCCGTCTA_ACCTCCAA_ACGTATCA	-13.6627624209479	-16.5404105332764	1	2146
TCCGTCTA_AGAGTCAA_GTCGTAGA	3.55570402763335	16.9031596545684	4	2666
TCCGTCTA_AGATCGCA_AAGACGGA	-14.2373181148026	-0.623319514879838	1	1011
TCCGTCTA_CCGACAAC_GAGCTGAA	-2.2148430747937	14.2605342827651	4	2813
TCCGTCTA_GACAGTGC_CTGAGCCA	-5.68971935786778	14.6249617640963	4	1695
TCCGTCTA_GACAGTGC_GCTCGGTA	1.05530379913636	10.872054062021	3	3297
TCCGTCTA_TCCGTCTA_AAGACGGA	-16.9620495371706	-16.8331317271449	1	1652
TCTTCACA_AAGGACAC_TAGGATGA	5.46047844685189	5.913075484850579	3	3786
TCTTCACA_ACAAGCTA_ACACAGAA	2.08704641843319	7.340710858831549	3	3500
TCTTCACA_ACACGACC_GAACAGGC	2.2082451739694102	9.88042656127947	3	3521
TCTTCACA_ACGTATCA_ATGCCTAA	-14.689963902830998	-5.7626174929483	1	1403
TCTTCACA_ATGCCTAA_ATCATTCC	-4.09931990980162	16.126347655453998	4	2339
TCTTCACA_CAAGACTA_TCCGTCTA	18.983320458129803	-4.8635259001095585	3	1169
TCTTCACA_CACTTCGA_TGGTGGTA	29.063281133593698	-9.04694637013467	6	853
TCTTCACA_CCAGTTCA_ACGTATCA	-13.468412153245001	-15.393283753166699	1	2313
TCTTCACA_CCTAATCC_CAATGGAA	-11.7620097742311	-8.74072828477008	1	1630
TCTTCACA_CGACTGGA_CATCAAGT	3.9852247070766	25.0214478917676	5	2594
TCTTCACA_CGCTGATC_ACCACTGT	-17.6728994218275	-6.52396074936756	1	1418
TCTTCACA_CTAAGGTC_GAGCTGAA	-9.05218094781348	14.868228874057698	4	1268
TCTTCACA_CTGAGCCA_CATCAAGT	1.76896607955924	8.460101125472981	3	3416
TCTTCACA_GAGCTGAA_CACTTCGA	28.869425324977	-10.426969909879901	6	809
TCTTCACA_GCCACATA_CATACCAA	-10.443239020702599	-11.339996780355198	1	2116
TGAAGAGA_AAACATCG_GATGAATC	-13.3940583612482	-17.133071567584	1	2375
TGAAGAGA_AAGACGGA_ATAGCGAC	2.73774768790954	6.81870624020274	3	3155
TGAAGAGA_ATAGCGAC_AGAGTCAA	0.381659909550906	26.958276078671602	5	2227
TGAAGAGA_CAATGGAA_CACTTCGA	7.301613459681032	6.998109673513711	3	3510
TGAAGAGA_CGCATACA_AAGAGATC	-20.6103683691955	-7.71965773110532	1	1802
TGAAGAGA_CGGATTGC_ATTGAGGA	-9.57987083619209	-14.8594021682101	1	2453
TGAAGAGA_CTCAATGA_TGGAACAA	29.336802929925604	-8.39272506896917	6	913
TGAAGAGA_GAGCTGAA_TATCAGCA	-9.484741681876539	14.1730144079827	4	1075
TGAAGAGA_GATGAATC_TTCACGCA	-10.144495340508099	-13.5026779146876	1	2303
TGAAGAGA_GCGAGTAA_CGCATACA	25.6595414879281	-11.085566151785901	6	1049
TGAAGAGA_GGAGAACA_GCCAAGAC	28.951062349277702	-12.0525774857994	6	970
TGAAGAGA_TGGAACAA_CAACCACA	11.546000605862998	-3.40007302850446	2	878
TGGAACAA_AAACATCG_ATCATTCC	11.2441604865396	-4.8385851488014815	2	1041
TGGAACAA_AACAACCA_AGATCGCA	8.28145992553393	-7.53134891996235	2	873
TGGAACAA_AACGCTTA_ACACAGAA	-23.0056220486655	-5.71013913415537	1	1865
TGGAACAA_AAGGACAC_AGATGTAC	24.736622787424693	-9.40894040099767	6	894
TGGAACAA_AAGGTACA_TCTTCACA	16.000876086691	7.59777600978909	3	129
TGGAACAA_AGATGTAC_ACCTCCAA	27.7345137215865	-11.134461989138998	6	784
TGGAACAA_CATCAAGT_AGTCACTA	-6.23186878927868	-7.04710749248837	3	1270
TGGAACAA_CCGACAAC_ATTGGCTC	12.862691112857199	-4.19215035466683	2	947
TGGAACAA_CGACTGGA_GTCTGTCA	28.136860964294602	-10.045221005409	6	805
TGGAACAA_CTGGCATA_ATCATTCC	-8.18248212416288	-15.875051307720003	1	2851
TGGAACAA_GAACAGGC_AGCCATGC	7.869744623505269	-22.3803563794557	7	1083
TGGAACAA_GAACAGGC_TGGTGGTA	29.1015170397719	-8.38940169681721	6	794
TGGAACAA_GTACGCAA_AACTCACC	-7.163415723803282	-16.120431283342302	1	3807
TGGAACAA_TAGGATGA_CGAACTTA	12.3735665304716	-3.0790663899083195	2	913
TGGCTTCA_ACCACTGT_AGATGTAC	0.169161421451911	10.036271926640303	3	3116
TGGCTTCA_ACCTCCAA_AGCCATGC	3.8063572915730095	4.477642980832751	3	3706
TGGCTTCA_AGATCGCA_CCGAAGTA	0.294343445081809	26.811932415178298	5	2147
TGGCTTCA_AGCCATGC_GAGCTGAA	-5.32419590076212	17.1695254528375	4	1679
TGGCTTCA_AGTGGTCA_CCGACAAC	30.3490917346627	-11.7385946743016	6	1033
TGGCTTCA_CCAGTTCA_AGGCTAAC	-14.9436934799872	-10.033926860573901	1	1960
TGGCTTCA_GTCGTAGA_CACCTTAC	5.86028160521225	25.937696195200896	5	3384
TGGCTTCA_TTCACGCA_ACGCTCGA	-1.04986192837021	-13.3872638190063	1	3777
TGGTGGTA_AGATGTAC_CGACACAC	-0.755710548743	16.9542001828355	4	2434
TGGTGGTA_AGCAGGAA_CTGTAGCC	-21.8662573987944	-5.91884553578802	1	1801
TGGTGGTA_AGTCACTA_TGGCTTCA	0.119390283359793	15.4870878435092	4	2682
TGGTGGTA_CCGTGAGA_TGGAACAA	12.650909132162099	-5.705494516578599	2	1005
TGGTGGTA_CCTAATCC_ACAAGCTA	-16.292308235907498	-4.622859012102009	1	1561
TGGTGGTA_CGACTGGA_GCCACATA	3.60790867539808	28.939956099234198	5	2625
TGGTGGTA_CTGAGCCA_GAATCTGA	-15.124996999149802	-4.4487722351815	1	1554
TGGTGGTA_GCGAGTAA_CAACCACA	3.7790103821063297	13.527926879872998	3	3121
TGGTGGTA_GGAGAACA_CAATGGAA	4.24650195192381	14.115533624505401	3	3367
TTCACGCA_AACAACCA_CCAGTTCA	-22.3329858189773	-4.64352423296642	1	2158
TTCACGCA_AAGGTACA_CTGTAGCC	-14.9244192268381	-5.91857450213801	1	1655
TTCACGCA_AATGTTGC_CTAAGGTC	-12.279274131396301	-4.99903739434417	1	1949
TTCACGCA_ACCTCCAA_AATGTTGC	1.99485649625095	11.8516354596808	3	3299
TTCACGCA_CAACCACA_CATACCAA	-20.2447530232492	-1.7312279680574298	1	1522
TTCACGCA_CATCAAGT_CCTCTATC	-15.0426801482182	-1.42987584287378	1	1063
TTCACGCA_CCATCCTC_GTACGCAA	13.785800592612699	1.01164954777157	2	959
TTCACGCA_CCGTGAGA_CCGACAAC	27.2115648685867	-8.67845044988896	6	837
TTCACGCA_CGACTGGA_CGCTGATC	-13.316802166911302	-12.8915048690696	1	2113
TTCACGCA_CGCTGATC_CGACTGGA	1.5020920329786398	20.5071833072053	4	2499
TTCACGCA_TAGGATGA_ACGCTCGA	-19.5708847573825	-10.388948806087098	1	1909
TTCACGCA_TATCAGCA_CTCAATGA	-5.700194584975621	16.4076124906281	4	1072
