p_val	avg_logFC	pct.1	pct.2	p_val_adj	cluster	gene
0	4.70839151824877	0.983	0.034	0	7	Prm2
0	4.592880547200485	0.962	0.043	0	7	Prm1
0	4.127206087900534	0.406	0.007	0	8	Lyz2
0	4.0617415697847035	0.761	0.025	0	7	Tnp2
0	4.044348776357077	0.35	0.004	0	8	Chil3
0	3.545949679409207	0.632	0.014	0	7	Tnp1
0	3.3109595216470993	0.699	0.018	0	7	Cabs1
0	3.303359118482251	0.481	0.022	0	8	Tmsb4x
0	3.2464406711640157	0.813	0.048	0	7	Akap4
0	3.2150495626947553	0.849	0.083	0	7	Smcp
0	3.153068827293897	0.404	0.024	0	8	Fth1
0	3.005259705434486	0.739	0.055	0	7	Gsg1
0	2.9606441544293776	0.273	0.003	0	8	Ctss
0	2.868269908466959	0.536	0.028	0	7	Gapdhs
0	2.8523535166244818	0.498	0.018	0	7	4933411K16Rik
2.3790638755813522e-208	2.819583302467837	0.551	0.096	8.986437977233442e-204	8	Actb
0	2.817294774740012	0.698	0.058	0	7	Spz1
0	2.800797486318663	0.605	0.048	0	7	Hmgb4
0	2.7945080430136304	0.674	0.072	0	7	Dbil5
0	2.7642611291423176	0.233	0.002	0	8	Ccl6
0	2.72511277395829	0.522	0.033	0	7	Oaz3
0	2.7129043931492087	0.467	0.013	0	7	Spata3
0	2.6799715625585367	0.466	0.017	0	7	Ccdc91
0	2.677298132159973	0.395	0.004	0	7	1700027A15Rik
0	2.6735352533635055	0.39	0.007	0	7	Fam71f2
0	2.6474497406188005	0.375	0.005	0	7	Spem1
0	2.6459209947823776	0.426	0.016	0	7	Spata18
0	2.644335419830497	0.242	0.003	0	8	Ctsd
0	2.629303439837794	0.524	0.04	0	7	1700009N14Rik
0	2.618771534868925	0.411	0.016	0	7	1700001C19Rik
0	2.6176239243471504	0.221	0.003	0	8	Vim
0	2.6032237900380526	0.242	0.002	0	8	Cd74
0	2.594638661910541	0.411	0.019	0	7	1700029H14Rik
0	2.5784242856755024	0.49	0.023	0	7	Iqcf3
0	2.577941631335068	0.548	0.049	0	7	Odf1
0	2.5577315049784555	0.399	0.009	0	7	H2afb1
0	2.543164560617682	0.567	0.049	0	7	2610318N02Rik
0	2.5395680398395855	0.393	0.015	0	7	Ubl4b
0	2.5297989667330616	0.364	0.004	0	7	Tfam
0	2.518677382907788	0.519	0.038	0	7	St6galnac2
0	2.50910729876933	0.747	0.114	0	7	Eif1
0	2.4943064062269986	0.424	0.018	0	7	Gabarapl1
0	2.471115735102243	0.321	0.006	0	7	Tppp2
0	2.468230286152875	0.369	0.013	0	7	4930571K23Rik
0	2.4643870697535117	0.337	0.005	0	7	1700012A03Rik
0	2.454035309206947	0.311	0.006	0	7	Lelp1
0	2.446352046564397	0.357	0.01	0	7	1700031M16Rik
0	2.446146903694741	0.368	0.015	0	7	Atl3
0	2.4297511445646642	0.316	0.004	0	7	4921507P07Rik
0	2.4283344419525026	0.627	0.083	0	7	Akap12
0	2.4258769063754255	0.476	0.03	0	7	Cst8
0	2.418792558844382	0.773	0.077	0	5	Lyar
0	2.4145275795825736	0.34	0.016	0	7	1700001O22Rik
0	2.410610752421349	0.418	0.02	0	7	Txndc2
0	2.4104716869952094	0.763	0.076	0	5	Calm1
0	2.407124062141543	0.277	0.002	0	7	Ubqlnl
0	2.4016927466071603	0.302	0.003	0	7	1700015G11Rik
0	2.392024526425988	0.597	0.043	0	5	mt-Co1
0	2.3907769045953278	0.306	0.007	0	7	1700016H13Rik
0	2.386787709602512	0.778	0.133	0	7	Odf2
0	2.3783626782706078	0.309	0.004	0	7	Tex37
0	2.3663047059651947	0.361	0.021	0	7	Clpb
0	2.3399639452369314	0.254	0.002	0	7	Oxct2b
0	2.3354200564176835	0.335	0.013	0	7	H1fnt
0	2.297861586715932	0.82	0.102	0	5	Hsp90aa1
0	2.284422424536847	0.411	0.032	0	7	Ccdc54
6.101190924158513e-274	2.2774544926435745	0.375	0.032	2.3046028477823954e-269	7	Bag1
5.344597727609829e-265	2.2630615439926256	0.393	0.039	2.0188148996500607e-260	7	Hk1
0	2.2586859017795105	0.244	0.002	0	7	1700080E11Rik
0	2.24731040568795	0.357	0.017	0	7	Iqcf1
1.094527214558461e-277	2.246887901504482	0.495	0.065	4.1343576475516744e-273	7	Spata19
1.1035138358969762e-292	2.246023396812464	0.296	0.014	4.168302812333648e-288	7	Nbr1
3.3197506379398946e-303	2.2424599559686573	0.373	0.027	1.2539694084690365e-298	7	Prm3
0	2.223268593665955	0.275	0.008	0	7	Bzw1
0	2.2204644223585768	0.251	0.002	0	7	Gm5893
7.7829196583544e-226	2.2197869705698245	0.147	0.001	2.939842242550207e-221	8	Clec7a
7.477423998252208e-263	2.2142933403568072	0.332	0.025	2.824447366859807e-258	7	Acsl1
2.167322686571592e-268	2.2134292097085373	0.357	0.029	8.186627983986874e-264	7	Tmem53
0	2.212428469504388	0.332	0.019	0	7	Spert
1.0755970039623048e-286	2.2000214518785968	0.51	0.066	4.062852563066814e-282	7	Spata6
9.268033918179169e-279	2.1893568930961753	0.304	0.017	3.500814451913817e-274	7	1110017D15Rik
4.141216964604338e-292	2.183962543322421	0.347	0.023	1.5642618840399966e-287	7	Dcun1d1
5.477813220943663e-284	2.1763139730622063	0.485	0.059	2.06913438794705e-279	7	Dynll2
1.711182383615634e-264	2.1753873030652318	0.311	0.02	6.463649217631334e-260	7	Psmf1
0	2.1656595324650483	0.538	0.031	0	5	Hspa5
1.527096499618398e-261	2.1652279410043063	0.32	0.022	5.7683016080085745e-257	7	Actl9
2.8136081572342742e-148	2.161763372651121	0.131	0.004	1.0627842092321024e-143	8	Psap
4.050939277259994e-243	2.1590422601711428	0.509	0.081	1.5301612931994176e-238	7	Tcp11
2.225492119206998e-217	2.156169695952542	0.14	0.001	8.406351381880594e-213	8	Lpl
0	2.149730513820337	0.309	0.014	0	7	1700024P04Rik
0	2.137874980623269	0.419	0.018	0	5	Setx
3.2222703611989676e-304	2.1309524099556616	0.308	0.015	1.217148183535686e-299	7	Otub2
6.938317562357775e-257	2.1303161154642973	0.235	0.009	2.620810692829402e-252	7	Reep6
0	2.1301362022858568	0.28	0.009	0	7	Smim23
8.882758440623968e-251	2.1291048089340427	0.385	0.039	3.355284345776891e-246	7	Hook1
4.804635051876513e-279	2.1276165774079843	0.399	0.037	1.8148547981453152e-274	7	1700019M22Rik
1.199393501930363e-253	2.124421092827688	0.287	0.017	4.53046907484156e-249	7	Atp1a4
1.8029065239781156e-229	2.1235812298857892	0.302	0.024	6.810118813022535e-225	7	BC106175
6.071009390018325e-280	2.1090903408788724	0.23	0.006	2.293202376891622e-275	7	Wbscr25
8.10900473622541e-283	2.10560293632578	0.194	0.003	3.063014359014424e-278	7	Lipe
3.651441063947942e-244	2.105032672080327	0.151	0.001	1.3792588330850561e-239	8	Cybb
5.0534913303240846e-266	2.104807550734063	0.278	0.014	1.9088552802033164e-261	7	Akap1
1.089301465565208e-242	2.1010131470008098	0.169	0.002	4.1146184258794604e-238	8	B2m
9.378963854992867e-282	2.0966034798912863	0.253	0.009	3.542716016946456e-277	7	Sh3rf2
8.428219435112832e-244	2.092818117360957	0.361	0.034	3.18359132722517e-239	7	Fam71e1
0	2.091408545854617	0.216	0.001	0	7	Tmem56
7.69151926372253e-249	2.0893915892610058	0.241	0.01	2.905317571485911e-244	7	Csnk1g2
1.112297131341813e-289	2.0880323524305378	0.232	0.006	4.20147995421743e-285	7	Spem2
3.0853730479719175e-216	2.087949884294184	0.345	0.037	1.1654379614104325e-211	7	Nt5c1b
2.3011124782759162e-230	2.086593397567388	0.29	0.021	8.691992164191618e-226	7	Ube2n
5.04003638317477e-218	2.083275513986308	0.332	0.033	1.903772943016606e-213	7	Rnf138
1.434486068230959e-236	2.0822415683019324	0.285	0.019	5.418484225528801e-232	7	Lrrc8b
2.5356059380061235e-242	2.0806025425053916	0.349	0.032	9.57774430963053e-238	7	1700019D03Rik
1.5960386197858167e-279	2.078940948627056	0.392	0.035	6.028716678516966e-275	7	Irgc1
5.431724530807499e-290	2.0777496243703952	0.299	0.015	2.0517253070219165e-285	7	Chn2
0	2.074817540038094	0.239	0.005	0	7	4930544D05Rik
2.635278007961097e-247	2.0739026292540106	0.332	0.027	9.954235619471452e-243	7	Fam71d
3.80079098375875e-189	2.0725180261069562	0.138	0.002	1.4356727782951929e-184	8	Ftl1
6.5748547256775225e-208	2.066650958781495	0.351	0.04	2.4835198755301707e-203	7	Ms4a14
4.78736388218569e-235	2.0510214787449956	0.259	0.015	1.8083309592180006e-230	7	Eif4e
2.1687860093842507e-210	2.0480718769189865	0.443	0.069	8.19215539324713e-206	7	Pgk2
2.504391340715243e-255	2.0471918642480333	0.351	0.03	9.459837411283687e-251	7	Spaca9
0	2.043713383894475	0.482	0.028	0	6	Rnf151
7.663103098368399e-208	2.0418842075740233	0.153	0.002	2.8945839333466955e-203	8	Laptm5
9.283965506282308e-205	2.041625589417032	0.419	0.062	3.506832290688016e-200	7	D830044I16Rik
0	2.040171873725692	0.216	0.003	0	7	Lrrc57
1.2085214157140063e-266	2.0398708031703383	0.258	0.011	4.5649479435765156e-262	7	Pdzd8
1.528248570491704e-218	2.038936985722668	0.328	0.032	5.772653325318313e-214	7	Arl2bp
8.091471796954169e-221	2.035659644513224	0.309	0.027	3.056391641863498e-216	7	Iqcf4
0	2.0355972295221654	0.242	0.005	0	7	1700034E13Rik
4.0698373039193604e-284	2.0347165711817947	0.177	0.001	1.53729964480946e-279	7	Gm498
4.744600715344781e-193	2.0232858236039015	0.289	0.028	1.792178028207184e-188	7	Gpat4
0	2.020341534672387	0.49	0.028	0	6	Tex33
4.512202627788789e-291	2.018069602391518	0.187	0.002	1.7043942985946594e-286	7	Ttc24
1.6493873846041635e-231	2.017324926415225	0.21	0.008	6.2302309678653065e-227	7	Cdrt4
1.1036041003364622e-273	2.0164478846566887	0.22	0.006	4.1686437682009185e-269	7	Clmn
1.2289618485652376e-234	2.010200593878051	0.304	0.023	4.642157590585472e-230	7	1700003F12Rik
1.715138417797841e-236	2.009162896592552	0.423	0.053	6.478592345547785e-232	7	Spata21
6.781595322089274e-201	2.0033510545814677	0.237	0.015	2.5616120010127814e-196	7	Tssk3
7.849761307231997e-297	1.9986423927039845	0.21	0.003	2.965090338580742e-292	7	Glul
0	1.993469776659481	0.321	0.016	0	5	mt-Nd1
5.9024719710026375e-227	1.982369685348536	0.366	0.039	2.2295407376068263e-222	7	Galntl5
0	1.9812412187988246	0.325	0.012	0	5	Calm2
0	1.9809862783276946	0.203	0.001	0	7	Car2
3.576170540290733e-216	1.9808874694393208	0.4	0.052	1.3508268981840185e-211	7	Lrrc18
2.469139293952003e-236	1.9801057664733548	0.22	0.009	9.3266798550449e-232	7	Eif4h
7.971298142625695e-293	1.9794274984165392	0.204	0.003	3.0109984474140038e-288	7	Prkar2a
2.590497016421346e-246	1.9778122245123382	0.223	0.008	9.78508438012835e-242	7	Habp4
6.1580846363278456e-232	1.9756376113134344	0.165	0.002	2.3260933096801173e-227	8	Ly6e
5.538394072924347e-212	1.9752784481416992	0.34	0.036	2.0920175931657134e-207	7	Aif1
5.068581632889129e-277	1.9746545853421245	0.259	0.01	1.9145553401912106e-272	7	Asb17
6.342656975634604e-220	1.9660589806394408	0.436	0.063	2.395811819406459e-215	7	Psma6
4.283281390577175e-215	1.9618452603269563	0.278	0.021	1.617923879662716e-210	7	Cep85l
1.650490265025856e-223	1.9545474521318933	0.229	0.011	6.234396878082166e-219	7	Ak1
7.454191502248917e-248	1.952396987555371	0.23	0.009	2.8156717561444834e-243	7	Slfnl1
2.8154963833542577e-213	1.9456434182972007	0.332	0.033	1.0634974488844038e-208	7	Srpk2
9.02121107663447e-205	1.9420458198899138	0.314	0.031	3.407582059977138e-200	7	Gpd2
6.84374702654858e-175	1.9397771053016557	0.265	0.025	2.585088564338195e-170	7	Osbp2
2.8296649152531515e-168	1.937057408440151	0.254	0.024	1.0688493284385729e-163	7	Ube2k
0	1.934925325545978	0.453	0.028	0	6	Cypt4
3.0242389972998804e-210	1.930494753765881	0.304	0.028	1.142345796450084e-205	7	Ankef1
2.5806414670615617e-241	1.924453701179735	0.232	0.01	9.747857013531637e-237	7	Kif2c
1.2548306085256857e-221	1.9064465667298138	0.204	0.008	4.739871657584073e-217	7	Actl11
5.450394761274028e-203	1.9059952536291038	0.333	0.036	2.0587776131760385e-198	7	Spata20
2.127870917129117e-178	1.9057745789570992	0.376	0.057	8.037606815271813e-174	7	Ipo5
2.6649657845799767e-191	1.8996000203192596	0.302	0.031	1.0066375258093946e-186	7	Eef1g
0	1.8901322151706061	0.189	0.001	0	7	Paqr5
1.3329727619006258e-275	1.8849539652782559	0.175	0.001	5.035038013527234e-271	7	Oxct2a
4.309479024831592e-206	1.8828397505400853	0.256	0.018	1.6278195120496372e-201	7	4930563D23Rik
2.0379781321891867e-123	1.880407128254062	0.138	0.006	7.698054798718215e-119	8	H2-K1
5.0435925487504656e-228	1.8788672573363987	0.22	0.009	1.9051162134395134e-223	7	Tex35
5.365998144661869e-158	1.877110824189408	0.371	0.062	2.026898479183128e-153	7	Hils1
0	1.8759604295918104	0.204	0.002	0	7	Prss58
9.394891427015541e-244	1.8750726873225785	0.186	0.004	3.5487323387265804e-239	7	Gm6760
1.3359027305200896e-134	1.8734285729151865	0.32	0.054	5.046105383993535e-130	7	Ubxn6
2.862042422649288e-264	1.8727022815618335	0.194	0.004	1.0810792843073155e-259	7	1700016P04Rik
5.5179603618370714e-176	1.8662508644948144	0.266	0.025	2.084299167476717e-171	7	Ube2j1
5.157907981857656e-214	1.8635190389999843	0.194	0.007	1.9482965819870926e-209	7	1700001K19Rik
1.2353353749879975e-183	1.8588995733083264	0.375	0.053	4.666232311942163e-179	7	Chl1
1.434284049640186e-151	1.8583459091981998	0.191	0.014	5.417721140705874e-147	7	2810408A11Rik
7.216608007413168e-159	1.8563734962981853	0.259	0.028	2.725929342640176e-154	7	Eef1d
1.8010176526398334e-159	1.8536282346349755	0.328	0.047	6.802983979316443e-155	7	Nrd1
1.9218501189435972e-160	1.853233169935217	0.282	0.033	7.25940445428565e-156	7	Cypt12
1.472993716374188e-160	1.8515338341548184	0.131	0.003	5.56393916486022e-156	8	Lcp1
3.003842529848525e-175	1.8501622295249431	0.323	0.04	1.1346414387996835e-170	7	Pmfbp1
0	1.8497175742831518	0.855	0.174	0	5	Ldhc
2.242008169300376e-149	1.8451313430893177	0.311	0.045	8.468737457898311e-145	7	Fam46c
8.068808983073264e-194	1.84331936757672	0.153	0.004	3.047831217176264e-189	7	Herpud1
3.8110639853036435e-183	1.8405104595603	0.256	0.022	1.4395531991687453e-178	7	Samd4
1.0940649043097745e-230	1.8381480482988433	0.16	0.002	4.132611363049311e-226	7	Spatc1
0	1.8360329912857343	0.542	0.046	0	6	Hils1
1.7361555237945906e-156	1.832213295075391	0.344	0.053	6.557980260029307e-152	7	Gstt4
0	1.8213181974429522	0.417	0.027	0	6	Scp2d1
3.4310656634620685e-167	1.8208047899847595	0.247	0.023	1.2960164330595272e-162	7	Atp1b3
5.043963847098503e-177	1.8167894474381676	0.254	0.022	1.9052564639645174e-172	7	Pkib
1.9865925995653272e-177	1.8134068992935504	0.115	0.001	7.50395622633811e-173	8	Fcer1g
2.0130316524838737e-250	1.812789884973547	0.203	0.005	7.603824460927336e-246	7	Hspa1l
4.5056879159753575e-179	1.806853430164557	0.282	0.028	1.7019334965013718e-174	7	Spcs2
1.4672721205324546e-147	1.8038792317244994	0.259	0.03	5.5423269808872405e-143	7	Cep295nl
3.001056082565151e-254	1.7963613390608506	0.16	0.001	1.1335889140673346e-249	7	1700009J07Rik
4.380186512681187e-191	1.7953189935093288	0.175	0.007	1.6545278514350648e-186	7	Mical3
5.207790129860142e-183	1.7945018704512963	0.218	0.014	1.9671385657520714e-178	7	Fam71f1
9.350814430327787e-140	1.7723747247022614	0.235	0.026	3.5320831347677153e-135	7	Rnf38
1.9602003394606508e-151	1.771365356573495	0.104	0.001	7.404264742244717e-147	8	Mpeg1
1.5815830704417429e-180	1.7693680520600223	0.192	0.01	5.9741137319795956e-176	7	Mex3d
3.935071539877707e-220	1.7665253406100216	0.17	0.004	1.486394572758006e-215	7	Isg20l2
2.224285146285322e-244	1.7638319861563279	0.238	0.014	8.401792283063548e-240	5	mt-Nd2
1.339175348720737e-162	1.7598692924129598	0.187	0.011	5.05846704472284e-158	7	1700034I23Rik
2.5854912990178266e-179	1.7582393389278683	0.192	0.014	9.766176283780037e-175	5	mt-Cytb
3.922688220044808e-198	1.7561516553418655	0.199	0.009	1.4817170213575255e-193	7	Rnf133
4.805815366069709e-168	1.7560772435349719	0.102	0	1.815300638225511e-163	8	Cd9
4.797050587705475e-165	1.7452504392539594	0.106	0.001	1.811989918493989e-160	8	Lgals3
2.949009609008764e-257	1.7421878732006086	0.162	0.001	1.1139293996108803e-252	7	Hmgb1-rs17
4.40810381075585e-140	1.7217787784725669	0.275	0.036	1.665073052436807e-135	7	Spata7
1.1234369308535636e-119	1.718441289914014	0.23	0.03	4.243558318913166e-115	7	Bcl2l14
0	1.705105428023032	0.395	0.028	0	6	Fam229a
1.0426491115068991e-158	1.7049048126941544	0.184	0.011	3.9383984888950103e-154	7	Actg2
1.698265018975542e-169	1.7013859731612204	0.12	0.001	6.414856456176315e-165	8	H2-Aa
2.230098371903001e-104	1.7006791577143567	0.191	0.023	8.423750580189206e-100	7	Iqcf5
3.3310864967483315e-138	1.699884865287503	0.168	0.011	1.2582513024167472e-133	7	Ppm1a
3.7320271284910117e-122	1.6977818909890623	0.204	0.022	1.4096986072449098e-117	7	Agpat3
8.915462907654794e-130	1.6870105979295096	0.232	0.027	3.3676378041084457e-125	7	Tex48
1.9364393870171156e-251	1.6836150249965127	0.16	0.001	7.31451249657975e-247	7	Cstl1
1.084362767914018e-207	1.6820163786070068	0.172	0.005	4.09596348324162e-203	7	Rbm28
1.1474306245023154e-152	1.678485257663077	0.235	0.023	4.334189697932596e-148	7	Luzp1
6.621855278011016e-158	1.6783829407113084	0.162	0.008	2.501273394163101e-153	7	Vasp
3.2674493337134336e-121	1.677688469930412	0.199	0.021	1.2342136368235753e-116	7	Proca1
1.7427126673929927e-126	1.6751494451741928	0.232	0.028	6.582748558543551e-122	7	Fam205c
2.5693588593729662e-155	1.67039503982745	0.133	0.003	9.705239219509505e-151	8	Rps4x
3.031045606772277e-90	1.6652629997742112	0.104	0.005	1.1449168570460922e-85	8	Anxa2
9.353152200931968e-189	1.6643225327009425	0.122	0.001	3.5329661808580323e-184	7	Fscn3
6.392646797017361e-178	1.6637349021262782	0.137	0.003	2.4146944746373677e-173	7	Tssk6
1.3882823968630041e-111	1.6630493794325112	0.198	0.023	5.2439590976706255e-107	7	Prr30
3.727818076194926e-158	1.6564919296884644	0.155	0.007	1.4081087219211093e-153	7	Gpi1
2.4724765009556247e-187	1.6451688552774093	0.155	0.004	9.339285487059681e-183	7	Hypm
0	1.6353997665053792	0.453	0.042	0	6	Gstt4
7.14826876079607e-167	1.6342983015119015	0.165	0.007	2.7001155590154996e-162	7	Wdr64
4.3410343528734765e-162	1.6286633435774311	0.196	0.013	1.6397389061108984e-157	7	Prdx4
8.976738747350027e-111	1.6249087716857193	0.147	0.009	3.3907835270365256e-106	8	Hspa8
1.0484460836994911e-116	1.6198652265961981	0.155	0.012	3.960295391958088e-112	7	Carhsp1
9.162168155061832e-139	1.6171441364689203	0.18	0.013	3.4608257772115056e-134	7	Ace
4.206571188961662e-132	1.614445331682235	0.155	0.01	1.5889481352064886e-127	7	Glrx2
4.170254277398143e-185	1.6143275341231353	0.144	0.003	1.5752301482016006e-180	7	Wasf2
0	1.6063916540963814	0.464	0.044	0	6	Chl1
5.499664830922799e-168	1.605879451544771	0.168	0.008	2.077388396584469e-163	7	Pwwp2b
2.0190767152724716e-81	1.6053376837514577	0.184	0.028	7.626658476598707e-77	7	Lpin1
8.913363495205542e-177	1.6031252784229142	0.172	0.007	3.3668447930439894e-172	7	Selenok
5.129927136440209e-110	1.5966869721657153	0.151	0.012	1.9377273772475604e-105	7	Nsun4
4.601133880507294e-123	1.5922431321323465	0.182	0.016	1.7379863006840201e-118	7	Cdc34
1.034759132728452e-294	1.588535526876797	0.488	0.093	3.908595672055182e-290	3	BIRC3
1.5390306327711906e-108	1.588013703742582	0.106	0.004	5.813380409166618e-104	8	Cdc42
1.6107659341165343e-211	1.5747906380619219	0.151	0.002	6.084346162938385e-207	7	Ppp1r2-ps7
1.0936951824389578e-199	1.5713175448063907	0.165	0.005	4.131214812626675e-195	7	Prss55
1.286606571119093e-144	1.5680470361853431	0.131	0.005	4.85989900108815e-140	7	Rcc1
9.466500096744305e-116	1.566473877688848	0.167	0.014	3.575781081543226e-111	7	Pdpk1
2.573206122698432e-117	1.5646675815260105	0.134	0.008	9.719771487268787e-113	7	Rangap1
3.475372772678497e-51	1.5616875153560548	0.185	0.037	1.3127525574238487e-46	8	Rpsa
0	1.5590463342293859	0.919	0.192	0	6	Ldhc
0	1.5578357158630842	0.464	0.044	0	6	Lrrc18
9.713374642727619e-256	1.5545767525257725	0.34	0.028	3.669033003797504e-251	6	Trim36
9.849656544798767e-278	1.5480850371552832	0.449	0.048	3.720510766666838e-273	6	Spata21
1.795352458326345e-84	1.5389623263478867	0.177	0.025	6.781584840836104e-80	7	Mtfr1
3.000031946034625e-197	1.5372501672668415	0.122	0.001	1.1332020669756587e-192	7	Bpifa3
6.206008002490168e-124	1.5361499796024738	0.153	0.01	2.3441954027806112e-119	7	Syce2
3.302950674191049e-162	1.5308295523604722	0.107	0.001	1.247623558162185e-157	7	Ppp2r2b
2.7276485270739647e-209	1.527379225237555	0.131	0.001	1.0303146781316486e-204	7	Skp2
0	1.5268269663893892	0.682	0.155	0	3	IGHM
5.293407455759018e-97	1.5181278812172883	0.136	0.011	1.9994787982638537e-92	7	Prkcq
7.119680837778827e-111	1.5145368044817622	0.246	0.037	2.689317042854196e-106	7	Trim36
2.7909682335929047e-174	1.511420732068767	0.124	0.002	1.054232430875048e-169	7	Asb8
0	1.5096865628479148	0.537	0.058	0	6	Spata19
2.277385884719364e-88	1.5087767374025374	0.616	0.241	8.602369702350454e-84	8	mt-Rnr2
7.466629919176118e-204	1.5076654875715856	0.183	0.008	2.820370119370395e-199	5	mt-Nd4
2.8900358895932673e-47	1.5015813483940843	0.312	0.102	1.0916532565760648e-42	8	mt-Rnr1
3.6415647971277796e-289	1.5012439917272231	0.488	0.056	1.375528270819076e-284	6	Dynll2
3.132290624078636e-108	1.497240281944311	0.122	0.007	1.183160137433223e-103	7	Socs7
3.2061346329390524e-183	1.4878652536709975	0.136	0.003	1.2110532349000683e-178	7	Sppl2c
2.8060159465364575e-268	1.4852904044688717	0.344	0.026	1.059916403485216e-263	6	Cypt12
0	1.4852032862631603	0.498	0.053	0	6	D830044I16Rik
2.8596628002252946e-92	1.4828394621719785	0.241	0.042	1.0801804295291005e-87	7	Fam229a
1.1419258106972425e-173	1.4784397600477326	0.149	0.005	4.3133963647466944e-169	7	4930407I10Rik
1.3057953945593308e-68	1.4776282055586614	0.124	0.012	4.93238094386896e-64	8	Rack1
5.358941644860222e-156	1.4770014838097023	0.117	0.002	2.024233027513052e-151	7	Knstrn
1.5747563526805727e-85	1.4763377778216584	0.242	0.047	5.948327170980327e-81	7	Cypt4
1.2686873765155839e-183	1.474602588714807	0.124	0.001	4.792212827312315e-179	7	Klk1b8
2.8760026655204564e-102	1.4671074531737216	0.155	0.014	1.086352486847042e-97	7	Gm16486
4.14894600354524e-158	1.4661942418554856	0.11	0.002	1.5671813739191436e-153	7	Osgin1
1.1592270265302114e-169	1.461461831154572	0.124	0.002	4.378748247312568e-165	7	Ccsap
3.6294837499545384e-86	1.45643469448112	0.136	0.013	1.3709648968703277e-81	7	Tbc1d20
7.825031389665264e-204	1.4560635154285215	0.132	0.001	2.9557491068182604e-199	7	Gm136
1.1629616812198032e-147	1.4543045823900296	0.146	0.006	4.392855158471563e-143	7	Cst13
3.404833448433288e-94	1.4512634419826085	0.122	0.009	1.2861077384767058e-89	7	Vars
5.098144475453816e-159	1.4424425157279332	0.119	0.002	1.92572211271317e-154	7	Tspan6
3.355148022448905e-225	1.4398558120479914	0.36	0.038	1.2673400625196248e-220	6	Galntl5
3.667347960740384e-64	1.4278175619696072	0.139	0.02	1.385267345210465e-59	7	Mapk6
2.5195764910913615e-164	1.4241305938077333	0.115	0.002	9.5171962797994e-160	7	1700016C15Rik
1.1476619687523725e-92	1.4236390872748907	0.381	0.087	4.335063554568337e-88	8	mt-Co1
8.651109965354211e-139	1.4201480175981938	0.101	0.002	3.267783767213246e-134	7	Prkcd
1.1469844111997315e-86	1.4173491547476202	0.134	0.013	4.3325042164247456e-82	7	Tsks
7.549109187127247e-145	1.404178970008406	0.105	0.002	2.851525013253575e-140	7	1700020G17Rik
3.028331172065342e-99	1.3988607285758925	0.119	0.008	1.1438915336242417e-94	7	Cdc14a
3.945039963286654e-152	1.389444162992155	0.131	0.004	1.4901599453322678e-147	7	Prss37
1.720574551407983e-32	1.3809872212483305	0.151	0.037	6.499126253033374e-28	8	Rps8
1.1338071673704727e-242	1.3800115522343726	0.455	0.059	4.282729813308486e-238	6	Psma6
2.788363701229741e-87	1.379629765973995	0.115	0.009	1.05324862086551e-82	7	Lrrc74a
2.5408737611514436e-215	1.3764639369194662	0.348	0.037	9.597642457997348e-211	6	Pmfbp1
1.6188666807821297e-102	1.3762137690619802	0.129	0.009	6.114945113318338e-98	7	Fam166a
2.040506461896568e-132	1.3741693326445512	0.144	0.01	7.707605058521906e-128	5	mt-Nd5
1.395675207497925e-77	1.3706413079153108	0.131	0.014	5.271883961281912e-73	7	Ubr7
0	1.3587885397587396	0.679	0.18	0	1	NDRG1
1.7885912894280886e-161	1.3583110368753681	0.27	0.047	6.75604587755672e-157	3	HLA-DRA
1.3945286201538448e-75	1.3578009522065408	0.115	0.011	5.267552956907118e-71	7	Acsbg2
1.0214175301920147e-135	1.3553905729335325	0.208	0.032	3.858200436794297e-131	3	CHI3L2
2.5003877521111388e-129	1.354007813793231	0.124	0.005	9.444714656049405e-125	7	Rexo1
1.0690221285026908e-122	1.3516289961249788	0.169	0.018	4.038017285993214e-118	5	Sycp1
2.216464400338935e-131	1.3457867015326328	0.107	0.003	8.372250979400259e-127	7	Dlgap4
7.090860568563572e-48	1.3373409118471373	0.151	0.026	2.678430762563518e-43	8	mt-Cytb
4.659695279491287e-124	1.335981874109711	0.122	0.005	1.7601066979222438e-119	7	Dnajc9
9.912902372705993e-87	1.3299355404230575	0.124	0.011	3.7444006132422346e-82	7	Tmem191c
1.353940036793589e-112	1.3298444013287771	0.127	0.007	5.114237700980423e-108	7	Gm16226
2.3165220776390666e-186	1.3297302863766483	0.267	0.024	8.750198843866047e-182	6	Fam205c
1.5499117055325305e-30	1.3292169062679033	0.185	0.055	5.854481485308027e-26	8	Rplp1
7.53299474846718e-94	1.3262123240605248	0.119	0.008	2.8454381063385078e-89	7	Hipk1
1.8038241193305318e-76	1.3198173794724712	0.225	0.044	6.813584845947218e-72	7	Scp2d1
3.778787504319155e-219	1.3184483671968164	0.46	0.068	1.4273614040064743e-214	6	Spata6
1.2096165355554865e-200	1.3178223884955407	0.343	0.039	4.569084539753739e-196	6	Ms4a14
4.6952524862171574e-38	1.3160050342793053	0.115	0.019	1.773537721618807e-33	8	Rpl3
3.417310220108723e-59	1.297673793502986	0.215	0.05	1.290820589441668e-54	7	Rnf151
5.224304423692685e-187	1.2961943028458491	0.305	0.032	1.973376509961438e-182	6	Spata7
7.544741901624912e-52	1.2814808632931465	0.117	0.017	2.849875358500778e-47	7	Sgms1
5.987735891523325e-27	1.273084124534826	0.131	0.033	2.2617474783051057e-22	8	Hsp90ab1
1.3975515484977843e-31	1.262390951595374	0.201	0.062	5.2789714641406806e-27	8	Rpl18a
1.540150538753089e-48	1.2610747659470203	0.127	0.022	5.817610630032043e-44	7	Nup153
9.06498402043981e-187	1.2570046138752438	0.319	0.036	3.4241164140407295e-182	6	Aif1
4.617175600236478e-162	1.2515177649173324	0.362	0.056	1.744045739477325e-157	6	Ipo5
4.4754051317586e-52	1.2481171535626283	0.115	0.017	1.690494780419176e-47	7	Mfap3l
1.0311856780980604e-65	1.2472005113496096	0.249	0.061	3.895097661879803e-61	7	Tpt1
5.417849448959179e-29	1.2465776239497304	0.129	0.03	2.046484272355351e-24	8	Malat1
1.9139211024721432e-93	1.2442940563049056	0.11	0.007	7.229454180368027e-89	7	Pkm
1.3971628650706929e-193	1.2369527262776763	0.327	0.036	5.277503290231528e-189	6	Nt5c1b
9.634695477000603e-21	1.2365461551889982	0.135	0.042	3.639313522527438e-16	8	Rpl7
7.885497347764898e-172	1.2349977309697715	0.322	0.04	2.978588913171235e-167	6	1700019M22Rik
3.481782572141474e-59	1.2310709216376614	0.101	0.011	1.315173730974999e-54	7	Atad1
1.7294167943805157e-19	1.2295597832865788	0.176	0.068	6.532526057413522e-15	8	Tpt1
6.075535160253208e-156	1.227521663963941	0.253	0.027	2.2949118960824443e-151	6	Bcl2l14
7.390394024645243e-43	1.2212035498461207	0.122	0.023	2.7915735349292475e-38	7	Sec14l1
7.037881778717071e-271	1.2210659892997793	0.645	0.197	2.658419084274799e-266	2	CLU
2.209880912426753e-182	1.2160548682714027	0.306	0.033	8.347383170509574e-178	6	1700019D03Rik
4.633737398709683e-40	1.2071509866534713	0.745	0.507	1.7503016276146084e-35	9	MT-ATP6
1.5936601522448596e-153	1.2047350407498363	0.243	0.025	6.0197324930745085e-149	6	Tex48
2.7517802701120497e-131	1.2025038163826849	0.185	0.02	1.0394299614294246e-126	5	Hsp90ab1
6.4475772312889034e-133	1.2017906476094544	0.216	0.023	2.435443347574757e-128	6	Luzp1
8.613807728702987e-220	1.1972526211291799	0.587	0.175	3.2536935933629793e-215	4	IGHM
2.593603463635179e-140	1.187477504444614	0.283	0.038	9.796818363189162e-136	6	Spata20
1.4391928365685474e-147	1.1839350439425191	0.254	0.029	5.436263101570374e-143	6	Cep295nl
4.8969141608344705e-169	1.1723047011946002	0.411	0.069	1.8497113859720045e-164	6	Pgk2
1.6298657908308737e-307	1.1712904612087538	0.886	0.451	6.156492051705459e-303	4	MT-ATP6
8.729152761614514e-134	1.165885344346561	0.264	0.035	3.2972628726446506e-129	6	Spaca9
8.110325862336455e-161	1.1624036991044153	0.3	0.037	3.063513387980349e-156	6	Fam71e1
6.797500731215081e-172	1.1574168366802584	0.313	0.038	2.5676199512018724e-167	6	Ccdc54
1.3793335074649626e-153	1.153763097754702	0.302	0.04	5.210156457747403e-149	6	Irgc1
1.2726968100189488e-276	1.1512487490970762	0.613	0.184	4.807357660484575e-272	1	CLU
1.7901059651616707e-146	1.1506338279932775	0.269	0.033	6.761767262205179e-142	6	Gpd2
2.6439122421782845e-139	1.1444187974525994	0.294	0.042	9.986849712380034e-135	6	Cst8
8.849072025571895e-129	1.14289895520047	0.158	0.011	3.342559976219272e-124	6	Epb41l2
7.208195145889674e-149	1.1396835606602207	0.218	0.02	2.7227515524569064e-144	6	Prr30
5.103454762274325e-168	1.1296287933762446	0.229	0.019	1.927727967353881e-163	6	Iqcf5
1.411211079428136e-117	1.11926581118345	0.129	0.01	5.330567610323899e-113	5	Hnrnpa2b1
5.093921798690928e-205	1.1128403003423797	0.422	0.058	1.9241270810195243e-200	6	2610318N02Rik
2.7614183643339624e-187	1.1127170452333737	0.57	0.117	1.0430705587598676e-182	6	Lyar
9.821374599696467e-117	1.103772329202466	0.207	0.024	3.7098278275433467e-112	6	Samd4
2.540193103520526e-31	1.0930690704075008	0.163	0.042	9.595071409928083e-27	8	mt-Nd1
1.0510330094257725e-123	1.0711804878157112	0.101	0.003	3.9700669865039706e-119	5	mt-Nd6
3.2479223074527665e-200	1.0695965728541728	0.648	0.141	1.2268376931941334e-195	6	Hsp90aa1
6.828666456909533e-69	1.0661513150601873	0.118	0.02	2.5793921807684377e-64	3	PRKAR2B
5.0776072016949696e-114	1.0612907117616481	0.207	0.025	1.917964568296241e-109	6	Pkib
4.062436028628311e-142	1.0598502063661162	0.253	0.029	1.534503961093772e-137	6	Iqcf4
6.142985653096402e-196	1.059132620765395	0.627	0.141	2.3203899707441038e-191	6	Odf2
4.816668116970809e-132	1.056211590348606	0.259	0.034	1.8194000478233837e-127	6	Prm3
4.35478012719479e-97	1.044425531540067	0.183	0.023	1.644931097445288e-92	6	Mtfr1
1.5966890709772154e-125	1.0408787130151733	0.163	0.012	6.031173627802236e-121	6	Mfap3l
5.788804830445211e-116	1.0385471227630654	0.237	0.041	2.1866052486040697e-111	5	Rplp1
5.742369242614897e-167	1.0364649709878886	0.472	0.092	2.169065134012925e-162	6	Akap12
4.599709383921603e-193	1.0361921940994838	0.415	0.059	1.7374482255887072e-188	6	Hmgb4
5.204487762517322e-118	1.0296818295108154	0.193	0.02	1.9658911625356678e-113	6	Proca1
4.0168981930052444e-89	1.0294585133757552	0.161	0.033	1.517302954443871e-84	1	AKAP12
2.9491722104262886e-106	1.021141527534955	0.133	0.01	1.113990819044322e-101	6	Hsdl2
3.4692949391151355e-135	1.0201489436363198	0.412	0.086	1.3104567773519602e-130	6	Tcp11
4.591738197026795e-137	1.0196251775723881	0.321	0.051	1.7344372691629313e-132	6	St6galnac2
1.839419474260764e-112	1.0142322956884104	0.284	0.049	6.948039180125184e-108	6	Nrd1
2.014690507092883e-102	1.0007436364113178	0.19	0.03	7.610090452441947e-98	5	Rpl7
5.092301779875611e-213	0.9965300730573743	0.628	0.213	1.9235151513124146e-208	2	NDRG1
7.347795595789304e-90	0.9876988322810462	0.142	0.014	2.775482830397494e-85	6	Gm16486
1.3575830801886114e-111	0.9847980734532173	0.25	0.047	5.127998568796442e-107	5	Rpl18a
1.7816700656421487e-89	0.9820385115593859	0.175	0.023	6.729902338950088e-85	6	4930563D23Rik
1.2815821354237952e-177	0.9797671633147176	0.442	0.074	4.840920200136301e-173	6	Spz1
2.085420532978461e-112	0.9782504162943003	0.235	0.033	7.87725897921954e-108	6	Fam71d
1.5254767654926584e-65	0.9688182625614856	0.112	0.019	5.7621833862954185e-61	3	PPM1K
6.11329580864892e-65	0.9648469138533899	0.133	0.031	2.3091752258009565e-60	1	COL3A1
5.191168968015935e-33	0.9578076315804267	0.177	0.054	1.9608602542886593e-28	7	Tex33
5.893626206085638e-108	0.9571901414108903	0.272	0.046	2.226199426824728e-103	6	Hk1
2.0981115549950693e-99	0.9554968010442078	0.209	0.029	7.925196776682875e-95	6	1700003F12Rik
2.618459415141296e-147	0.9549960499491548	0.34	0.052	9.890706748813218e-143	6	1700009N14Rik
2.5382640203174993e-105	0.9521891089614349	0.27	0.047	9.58778468394529e-101	6	Fam46c
1.0932558611026492e-78	0.9493196176209121	0.218	0.041	4.129555364143037e-74	6	Srpk2
5.0972528810832856e-141	0.9459955000376732	0.359	0.061	1.9253853307715895e-136	6	Odf1
3.408800594854533e-97	0.9436149020850266	0.387	0.1	1.2876062486944029e-92	7	Actb
3.2536395132783826e-274	0.9325328485735782	0.622	0.097	1.2289972533506434e-269	6	Smcp
1.5358258364018115e-79	0.9192507460633035	0.201	0.034	5.801274931840563e-75	6	Ankef1
1.4317505661811805e-51	0.9152626813726683	0.187	0.062	5.408151413636174e-47	4	HLA-DRA
8.980584776492707e-105	0.9132034227404101	0.243	0.038	3.39223628762459e-100	6	Rnf138
3.0223206121138254e-74	0.9095601374715823	0.147	0.02	1.1416211648137553e-69	6	Cfl1
2.940844483015156e-87	0.9018410890960721	0.186	0.027	1.1108451865693147e-82	6	Lpin1
2.157048845603697e-25	0.8952639279914116	0.129	0.033	8.147820604498844e-21	8	mt-Nd2
1.6882090222113161e-81	0.8927567495370893	0.194	0.031	6.376871939598805e-77	6	Eef1d
3.4041723252461714e-68	0.8894310101624175	0.16	0.025	1.2858580124152364e-63	6	Malat1
1.1957450056896709e-93	0.8837485391137472	0.229	0.038	4.516687609991594e-89	6	Tmem53
8.320291993072675e-11	0.8824702987995112	0.165	0.081	3.1428238945433414e-6	8	Hspa5
1.1254463239439779e-13	0.8817603510455132	0.141	0.064	4.251148399433588e-9	7	Rpl18a
5.453336810328447e-87	0.8790758730267273	0.196	0.03	2.0598889133653643e-82	6	Ube2j1
2.562957350489053e-93	0.8764054723498487	0.556	0.225	9.6810588000023e-89	5	mt-Rnr2
4.1357691712686095e-77	0.8703396118459512	0.303	0.09	1.5622040890632918e-72	5	mt-Rnr1
6.705534722897949e-71	0.8701820268518952	0.157	0.029	2.5328816308802426e-66	5	Rps8
7.827875038285891e-89	0.8585069451846679	0.201	0.03	2.9568232382117297e-84	6	BC106175
9.249091040343617e-157	0.8552269390192684	0.449	0.086	3.4936591586689948e-152	6	Dbil5
1.6652843261588696e-97	0.853633762715724	0.113	0.009	6.290278485199898e-93	5	Rps3
4.869074613304419e-69	0.8534786943213484	0.317	0.124	1.839195553683478e-64	4	BIRC3
8.87068490333701e-80	0.8514855371146639	0.143	0.021	3.3507238085374887e-75	5	Rps15
8.549889586624894e-70	0.850612858417632	0.145	0.02	3.2295497935558215e-65	6	Sec14l1
2.1996441912750115e-98	0.8338836451065643	0.358	0.139	8.308716003703101e-94	1	NEAT1
4.71386356152231e-63	0.8288399409764464	0.114	0.014	1.780567683093822e-58	6	Tsks
2.1768662514168354e-58	0.8229172681337957	0.131	0.02	8.222676891476813e-54	6	Fam71f1
8.31813486298899e-58	0.8109834757688619	0.101	0.012	3.1420090817968313e-53	6	Cep170
7.803318410300462e-62	0.8034769832590044	0.163	0.029	2.947547463122793e-57	6	Cep85l
8.335860182140859e-69	0.8015810472824892	0.229	0.05	3.148704466600067e-64	6	Hook1
1.0539020358810097e-67	0.7972749910970591	0.159	0.031	3.980904160133338e-63	5	Rpsa
1.0368601937178729e-77	0.7772038798677745	0.177	0.027	3.916532009730521e-73	6	Atp1b3
3.758939025280312e-73	0.7667490822929371	0.127	0.018	1.4198640380191322e-68	5	Eif3f
4.797585497255319e-131	0.7659297142590198	0.515	0.128	1.8121919698782517e-126	6	Eif1
2.248483089545494e-60	0.7652271676728798	0.103	0.011	8.493195174140195e-56	6	Tmem191c
2.216161392768935e-46	0.7608697451839661	0.106	0.016	8.371106428906099e-42	6	Actg2
8.462551225579009e-28	0.7591625323856246	0.103	0.035	3.196559474437959e-23	3	BRWD1
3.3062638913287953e-71	0.7569022108684235	0.256	0.059	1.248875059671626e-66	6	Tpt1
1.1805331208198069e-35	0.7503010357904751	0.102	0.032	4.459227757272657e-31	1	ISG15
1.289566481862051e-55	0.74347740974125	0.111	0.015	4.8710794719375253e-51	6	Ubr7
1.1019391629809915e-59	0.743042762634227	0.153	0.026	4.162354800328099e-55	6	Atp1a4
9.315371168850246e-153	0.7420643192212073	0.422	0.076	3.5186951516098036e-148	6	Gsg1
6.300428560500993e-62	0.7341620421652253	0.105	0.015	2.3798608801580401e-57	5	Rpl3
2.9892941361124845e-50	0.7297416353356712	0.126	0.022	1.1291460740337688e-45	6	Nup153
2.6544401193598426e-57	0.7284298861132896	0.333	0.154	1.0026616662857933e-52	2	NEAT1
8.170915007279875e-62	0.7266491183353962	0.171	0.031	3.086399725699827e-57	6	Osbp2
3.2599977102537246e-63	0.726543597292231	0.101	0.01	1.2313989350941394e-58	6	Atad1
5.388960281682406e-77	0.7203641919264224	0.227	0.054	2.0355719671998953e-72	5	Ubxn6
5.811200511022462e-62	0.7196316852059881	0.109	0.013	2.1950647690285145e-57	6	Prkcq
1.216065771407976e-54	0.7183082093287014	0.118	0.017	4.593445238339348e-50	6	Ace
4.353746212742155e-42	0.7159618310972712	0.13	0.027	1.6445405569390944e-37	6	Sycp1
2.389037932249895e-58	0.7115195735208936	0.235	0.059	9.024112981487528e-54	6	Ubxn6
8.385548153100399e-67	0.7101186310250959	0.103	0.01	3.1674731038706136e-62	6	Atp5g1
6.504554122644085e-59	0.699991664889255	0.182	0.036	2.45696522874635e-54	6	Txndc2
1.8351796410059751e-59	0.6993661812111351	0.139	0.022	6.93202405797187e-55	6	Tssk3
2.3031624879340508e-12	0.6948094792282065	0.26	0.143	8.69973566567329e-8	8	Calm1
2.644146746997819e-41	0.6941046986080648	0.155	0.037	9.98773550743486e-37	6	Spcs2
5.997045615578377e-32	0.6741175764627733	0.116	0.04	2.26526404037242e-27	2	COL3A1
7.304912862306621e-41	0.6720201566513152	0.13	0.027	2.75928473547908e-36	6	Chn2
8.314076270493622e-41	0.6706401365441171	0.142	0.032	3.140476029653556e-36	6	Iqcf1
3.150434447930229e-137	0.6705890539732957	0.498	0.139	1.1900136040166854e-132	5	Odf2
3.2829523009327036e-47	0.6693259360808492	0.177	0.042	1.24006957263131e-42	6	Arl2bp
3.038353150786032e-52	0.6690974149182428	0.15	0.029	1.1476771356464078e-47	6	Lrrc8b
6.1979045113450046e-27	0.6686381902681926	0.121	0.047	2.3411344710703487e-22	2	AKAP12
6.635705160743693e-53	0.665470004915781	0.171	0.036	2.5065049103677152e-48	6	Dcun1d1
1.2195349531230947e-44	0.6636205149556923	0.109	0.018	4.606549378431866e-40	6	Pdpk1
3.9064846240426336e-52	0.6609505987565097	0.107	0.015	1.475596437039624e-47	6	Nsun4
2.2897474368635317e-45	0.6589277102854579	0.136	0.027	8.649062993264618e-41	6	Otub2
5.850131896599964e-51	0.6559905743039872	0.161	0.033	2.2097703213027043e-46	6	Actl9
3.4820332386816485e-66	0.6559846055114442	0.186	0.034	1.315268415247219e-61	6	Acsl1
4.1830491391232004e-35	0.6557362095033841	0.111	0.023	1.5800631513210065e-30	6	Eif3f
2.682323005582788e-58	0.6515632053255933	0.112	0.014	1.0131938688987864e-53	6	Carhsp1
9.397158539137566e-46	0.6493562651138967	0.502	0.227	3.549588694988433e-41	7	Ldhc
1.3271096353330264e-49	0.6377775319810577	0.112	0.021	5.0128912255434404e-45	5	Polb
6.418119780826308e-58	0.6368364372456295	0.163	0.03	2.4243163848115213e-53	6	Spert
1.087743084745434e-22	0.625183203931941	0.118	0.048	4.108731954008927e-18	4	CHI3L2
1.4853342704650703e-34	0.6217536623175173	0.112	0.024	5.61055313982771e-30	6	Polb
6.061607929403449e-19	0.6211162015937597	0.395	0.25	2.289651163173565e-14	7	mt-Rnr2
2.1085585522831955e-83	0.607311142187674	0.258	0.051	7.964658219539314e-79	6	Oaz3
2.197879431891544e-55	0.600846042721399	0.171	0.034	8.302049978083929e-51	6	Clpb
1.1119898677732409e-112	0.5872985906165398	0.376	0.079	4.200319327539863e-108	6	Akap4
4.002650115141382e-69	0.5872225348348552	0.291	0.089	1.5119210279923541e-64	5	Tcp11
7.586769161042624e-37	0.5814220883877488	0.103	0.019	2.86575031520063e-32	6	Prdx4
3.225758568400255e-54	0.5775930255909022	0.194	0.044	1.2184657840418283e-49	6	Iqcf3
8.337050706148891e-36	0.5711621613357604	0.193	0.059	3.149154163233621e-31	6	Rpl18a
1.3273841581494694e-47	0.5706363697667424	0.196	0.059	5.013928180577991e-43	5	Tpt1
1.1171038442584452e-40	0.5697776282822137	0.125	0.025	4.219636350917425e-36	6	Akap1
3.7893476242277104e-39	0.5617660552117936	0.139	0.032	1.431350278099533e-34	6	Atl3
1.7577075481035294e-33	0.5537287184498267	0.118	0.027	6.639388721451461e-29	6	1700024P04Rik
4.321396595457676e-43	0.5516120777386158	0.145	0.032	1.632321136002228e-38	6	Ube2k
2.19892559449934e-103	0.5427290208158526	0.76	0.47	8.306001648102357e-99	3	MT-ATP6
8.76022927510659e-37	0.5396450570540271	0.148	0.037	3.3090014040860125e-32	6	Gpat4
1.4492274609831628e-40	0.5347880065513342	0.107	0.019	5.4741668883717006e-36	6	2810408A11Rik
8.712558515517048e-31	0.5317407225070541	0.128	0.033	3.290994728066255e-26	6	Rnf38
1.2530907898533057e-56	0.5257645532393946	0.177	0.036	4.733299840512891e-52	6	1700029H14Rik
3.210853095403925e-32	0.5033360152534757	0.13	0.033	1.2128355397269247e-27	6	Ube2n
1.902344879609035e-28	0.48138124707476126	0.115	0.029	7.185727313747208e-24	6	H1fnt
2.6619476075481887e-32	0.4771726222512541	0.174	0.053	1.0054974697991772e-27	6	Rplp1
1.3113553651578977e-56	0.4677846736685636	0.389	0.13	4.953382620810927e-52	6	Calm1
2.1345952472073524e-60	0.46331939656597765	0.221	0.05	8.063006627276332e-56	6	Gapdhs
1.080744282043247e-20	0.4555233559041808	0.123	0.041	4.0822953765619566e-16	6	Rpl7
3.736682888522912e-28	0.4554839661737822	0.13	0.036	1.4114572274817595e-23	6	Rps8
2.704366549978475e-32	0.45450794390158133	0.137	0.036	1.0215203769233695e-27	6	1700001C19Rik
4.159508460392809e-31	0.43461737927702637	0.13	0.033	1.5711711307441757e-26	6	Psmf1
0.007642552828397127	0.4333300468648609	0.101	0.06	1	9	1700019M22Rik
2.2157242862806346e-25	0.4280918965442151	0.114	0.031	8.369455346567841e-21	6	1110017D15Rik
7.469101063095793e-25	0.4257835015484158	0.106	0.028	2.8213035445631737e-20	6	Nbr1
9.119133429358766e-26	0.42185081522092627	0.109	0.029	3.444570270271687e-21	6	Agpat3
8.946999808898701e-31	0.41611596445574894	0.141	0.038	3.379550237815306e-26	6	Gabarapl1
3.693364478348337e-26	0.4130500699767282	0.124	0.041	1.3950945644065173e-21	5	Eef1g
3.436852690442309e-16	0.4045449053995541	0.118	0.044	1.2982023667607733e-11	6	Eef1g
2.5373275083249816e-32	0.39506907705832606	0.208	0.081	9.584247197195953e-28	5	Pgk2
1.1052990592136173e-28	0.3918746572398689	0.142	0.041	4.1750461363675966e-24	6	Ccdc91
6.348347476963965e-21	0.3886509471648152	0.137	0.055	2.3979612924735987e-16	5	Fam46c
1.3914204012453246e-29	0.3883732001560173	0.13	0.034	5.255812281623964e-25	6	Ubl4b
6.532926217747063e-23	0.3811950965016132	0.146	0.057	2.467682220229598e-18	5	Nrd1
1.1391381777792981e-20	0.3449768590027643	0.12	0.038	4.302866638925743e-16	6	Spata3
4.8730990606993226e-73	0.34185541656430773	0.385	0.13	1.8407157081979552e-68	5	Eif1
3.50267791182751e-4	0.3276171341618972	0.121	0.063	1	9	Cabs1
1.3333365728623094e-21	0.32168259798822074	0.442	0.246	5.036412236672801e-17	6	mt-Rnr2
2.188835799555607e-33	0.3188803097731927	0.156	0.043	8.267889465661394e-29	6	4933411K16Rik
0.0018049445412525688	0.2982772108315179	0.142	0.084	1	9	Hmgb4
4.9521421403820586e-18	0.278010326373071	0.134	0.05	1.870572650686515e-13	6	Bag1
9.29264743334268e-40	0.2686053930843557	0.265	0.103	3.5101117149965307e-35	5	Akap12
3.8425176674978e-18	0.259043443296574	0.156	0.07	1.451434198543944e-13	5	Ipo5
1.800663049648739e-5	-0.25085900023160246	0.109	0.061	0.6801644537438182	6	Cabs1
6.114924803783684e-8	-0.3109401443638886	0.176	0.106	0.002309790546133211	5	Dbil5
4.367453433075043e-5	-0.3609250244697182	0.187	0.277	1	8	CLU
2.679919266830408e-5	-0.37250703759905623	0.077	0.119	1	4	mt-Rnr1
0.0015820337708829398	-0.4148689684543341	0.099	0.154	1	8	Lyar
0.002034494237217659	-0.4508428275290226	0.065	0.113	1	8	Tcp11
4.226660465071945e-10	-0.525553819209664	0.061	0.122	1.596536457471626e-5	3	mt-Rnr1
3.889721590409821e-6	-0.5591021062581532	0.158	0.251	0.14692645363455015	8	Ldhc
3.1615675693192176e-14	-0.5591241609700834	0.108	0.198	1.194218917958948e-9	3	NEAT1
2.7454325417508162e-11	-0.6355218414751238	0.062	0.123	1.0370322339955357e-6	2	mt-Rnr1
3.384885033852113e-12	-0.6431240466850499	0.191	0.274	1.2785726238369587e-7	2	mt-Rnr2
1.184798129755576e-15	-0.6523275469035226	0.164	0.277	4.4753379755257374e-11	4	mt-Rnr2
1.221634604871722e-6	-0.7610291032434924	0.11	0.184	0.04614480392981956	7	Hsp90aa1
6.731690827339565e-20	-0.7691339657751104	0.091	0.2	2.5427615762109737e-15	4	NEAT1
1.2399036376230884e-5	-0.7713524198920942	0.05	0.117	0.4683488010393692	8	Dbil5
0.0011289497230893236	-0.8570006643515498	0.074	0.105	1	5	Gsg1
3.055181300644402e-43	-0.8678965916718351	0.459	0.528	1.15403363269241e-38	1	MT-ATP6
2.235689011272861e-5	-0.8828627039390918	0.064	0.106	0.8444868102280977	5	Spz1
1.103685750085956e-23	-0.9004464095764236	0.046	0.13	4.1689521837996814e-19	1	mt-Rnr1
0.0037106147897643573	-0.9166918753696873	0.073	0.105	1	6	mt-Co1
3.3927118291234124e-5	-0.9552033580356069	0.045	0.105	1	8	Spz1
8.089070191241107e-9	-0.968421848258558	0.033	0.108	3.0554844833375033e-4	7	mt-Co1
2.389024837714437e-8	-0.9726104578985426	0.081	0.182	9.024063519498743e-4	8	Odf2
2.826469405417881e-33	-0.9977110558265863	0.125	0.284	1.067642288508496e-28	3	mt-Rnr2
8.305695919132208e-8	-1.0059491140541512	0.041	0.124	0.003137310519533809	8	Akap12
2.5431946328735615e-13	-1.043936332504492	0.048	0.16	9.606409086753305e-9	7	BIRC3
3.357213854010757e-23	-1.0555374236467685	0.014	0.101	1.2681203890754832e-18	4	Psma6
3.7896303512471183e-47	-1.0594004889259903	0.13	0.294	1.4314570725765741e-42	1	mt-Rnr2
5.942888864015455e-11	-1.060130450184554	0.058	0.156	2.2448074106045576e-6	7	Calm1
5.6820759756815e-19	-1.0686225137059866	0.026	0.106	2.146290558294173e-14	4	Spata19
4.382247359366998e-11	-1.0728867256942332	0.085	0.278	1.655306295053696e-6	9	CLU
3.1327346673672445e-23	-1.0819814367737324	0.018	0.108	1.1833278659046292e-18	4	Pgk2
4.9251265742237845e-24	-1.1433918487273667	0.018	0.11	1.86036806088155e-19	4	Spata6
5.1675595449156314e-28	-1.143809744340766	0.008	0.103	1.9519422669009815e-23	3	Psma6
2.073610834111443e-9	-1.1643039709276208	0.018	0.107	7.832650203689153e-5	8	Gsg1
1.3416179190727977e-30	-1.1755591078607766	0.009	0.104	5.067693365713679e-26	2	Psma6
4.703245426384641e-28	-1.1771127853615628	0.013	0.103	1.7765568949082705e-23	2	Dynll2
5.32383449915631e-29	-1.179863165261425	0.01	0.11	2.0109720053663133e-24	3	Pgk2
6.600322054586963e-30	-1.189656894935065	0.009	0.102	2.493139649679134e-25	2	D830044I16Rik
2.2729542164144192e-9	-1.2117809399946966	0.046	0.107	8.585629961662186e-5	5	Akap4
5.896406226266607e-40	-1.2133410782825023	0.006	0.106	2.2272495238476856e-35	1	Hspa5
1.0076066296879392e-23	-1.2162851179008487	0.029	0.127	3.806032522320253e-19	4	Dbil5
4.9765343269226685e-37	-1.220432049310838	0.05	0.2	1.8797863113084995e-32	4	Hsp90aa1
1.1942686080153365e-40	-1.2347216197488051	0.007	0.109	4.5111108130563305e-36	1	Psma6
1.691022478669524e-13	-1.247708994450113	0.069	0.289	6.3874992086783926e-9	9	NDRG1
8.870292142186954e-7	-1.2482401566972567	0.061	0.14	0.03350575450868278	8	Smcp
2.7660680506837163e-32	-1.2614648022815005	0.012	0.114	1.0448268847847601e-27	2	Spata6
3.6089743866311793e-31	-1.2635425682655097	0.014	0.126	1.3632178950621954e-26	4	Tcp11
6.482856703186048e-34	-1.2662867144917485	0.008	0.112	2.448769462494466e-29	2	Pgk2
6.581053471368664e-20	-1.2676448559398827	0.043	0.195	2.4858613277400854e-15	7	NEAT1
4.798509458099078e-27	-1.2780117008581247	0.056	0.199	1.8125409776077648e-22	5	NEAT1
2.0636414156189634e-31	-1.2866242245622597	0.008	0.113	7.794992719217511e-27	3	Spata6
2.967639805577539e-20	-1.293544793975436	0.084	0.246	1.1209665837608038e-15	7	IGHM
1.0360276343388719e-15	-1.2968928775208255	0.038	0.159	3.913387183188221e-11	7	Lyar
6.156410203171244e-32	-1.2988372369958396	0.019	0.137	2.325460826043874e-27	4	Akap12
2.6728622640342833e-50	-1.3171101897812398	0.039	0.182	1.0096202629936699e-45	1	BIRC3
1.3888812053100946e-34	-1.3234539606796045	0.036	0.17	5.24622097681782e-30	4	Lyar
1.3440254448904808e-43	-1.3295703274484147	0.003	0.108	5.076787312984813e-39	1	D830044I16Rik
3.3145049285980175e-29	-1.33204208197291	0.006	0.103	1.2519879466793291e-24	3	Dynll2
1.7097287195249349e-7	-1.33489083182566	0.086	0.142	0.0064581582922615365	5	Smcp
1.6778720930824338e-47	-1.3439677093697036	0.004	0.118	6.337826257200277e-43	1	Pgk2
3.5269838230682427e-34	-1.3545135108652118	0.035	0.168	1.3322475994875675e-29	4	Calm1
1.3526228090180513e-24	-1.3656948948468464	0.02	0.115	5.1092621365038854e-20	4	Spz1
9.435092400340778e-33	-1.3664154771004127	0.01	0.111	3.563917452380722e-28	2	Spata19
3.674079276897773e-27	-1.3693548312360648	0.027	0.135	1.387809965262596e-22	4	Actb
1.3575560607463338e-39	-1.3695790266883283	0.006	0.103	5.127896508257127e-35	1	Hils1
3.241895794865729e-8	-1.3760919773865956	0.025	0.105	0.0012245612985946318	8	Akap4
5.997404058968048e-38	-1.3863293083210064	0.031	0.17	2.2653994351940005e-33	3	Calm1
2.6446215939962802e-39	-1.3933041418818335	0.011	0.13	9.98952914700215e-35	2	Tcp11
1.9141130907050243e-31	-1.3949763589032513	0.006	0.11	7.230179377520088e-27	3	Spata19
3.447954326801674e-36	-1.3950918883983594	0.009	0.128	1.3023957878627963e-31	3	Tcp11
1.6840643345568893e-44	-1.4170081302613773	0.003	0.11	6.361216210921738e-40	1	Dynll2
1.048094453998673e-40	-1.42491822008419	0.005	0.104	3.958967181089188e-36	1	Odf1
2.0593352817021667e-41	-1.4262042914056043	0.013	0.141	7.778727159573595e-37	2	Akap12
2.2609027378860537e-26	-1.4264550707293429	0.02	0.117	8.540107911816991e-22	3	mt-Co1
6.903295584022725e-26	-1.4269276324246023	0.018	0.116	2.607581840952904e-21	4	Gsg1
1.51725330413901e-66	-1.4279684481367863	0.158	0.54	5.731120905724282e-62	7	MT-ATP6
1.3003225367508778e-23	-1.4340273023615553	0.038	0.196	4.91170831806909e-19	6	NEAT1
1.8084510885238935e-49	-1.444578775245675	0.083	0.274	6.831062296681303e-45	4	Ldhc
4.1096214370233045e-52	-1.448212229916078	0.009	0.136	1.5523273054068127e-47	1	Tcp11
2.2197621409889368e-48	-1.4493758426855605	0.005	0.121	8.384707535157511e-44	1	Spata6
1.0403601187224697e-42	-1.4604164879126917	0.003	0.106	3.929752276450385e-38	1	2610318N02Rik
6.656227252431177e-43	-1.4689386926921677	0.039	0.2	2.5142567200608286e-38	4	Odf2
1.0251657869399845e-29	-1.4883661345127779	0.074	0.287	3.8723587270084034e-25	7	CLU
4.506297180679313e-33	-1.4888458945227732	0.014	0.119	1.702163634057997e-28	2	Spz1
3.7189595007221465e-45	-1.4935367501805121	0.031	0.176	1.4047625722077763e-40	2	BIRC3
3.249332044002863e-30	-1.49924209645425	0.008	0.102	1.2273701929812015e-25	2	Hmgb4
2.4234764812514985e-24	-1.5031797022213713	0.02	0.115	9.154197712631285e-20	4	Akap4
1.2616881265109775e-38	-1.509036399730111	0.033	0.178	4.765774560269915e-34	4	Eif1
2.8409691239531318e-33	-1.5170579359142513	0.014	0.12	1.0731192671908164e-28	2	mt-Co1
4.348321990885878e-40	-1.527263347324917	0.009	0.14	1.642491665617323e-35	3	Akap12
5.43381330507731e-48	-1.5276066193781115	0.003	0.118	2.0525142997268523e-43	1	Spata19
1.8546274345709569e-47	-1.5291836381566937	0.037	0.204	7.005484208604875e-43	3	Hsp90aa1
7.825800679498694e-33	-1.5325149899810362	0.009	0.118	2.9560396906670418e-28	3	Spz1
4.6528509693800515e-28	-1.5422032782101052	0.031	0.167	1.757521396663927e-23	5	BIRC3
2.7445065805890395e-36	-1.5611090550787035	0.01	0.131	1.0366824706858978e-31	3	Dbil5
2.6876632558100958e-27	-1.5679266183102405	0.039	0.152	1.0152110416171475e-22	4	Smcp
1.4015977672425821e-28	-1.5732069196829117	0.014	0.117	5.294255246205406e-24	4	mt-Co1
1.463523285364163e-48	-1.584301195249628	0.025	0.176	5.528166505806052e-44	2	Lyar
1.1434982920644116e-47	-1.5969964409985091	0.025	0.174	4.319336098614902e-43	2	Calm1
4.215678464284936e-40	-1.6047200424590864	0.011	0.134	1.5923882263143487e-35	2	Dbil5
5.881347338696991e-49	-1.6095574132055415	0.019	0.182	2.2215613302460144e-44	3	Eif1
3.238133999659891e-42	-1.6295917868586556	0.005	0.107	1.2231403556915306e-37	1	Hmgb4
4.517562872532381e-59	-1.6300896943152945	0.007	0.149	1.7064190238416564e-54	1	Akap12
9.115042805968736e-35	-1.6310368733153207	0.012	0.12	3.443025119098571e-30	2	Gsg1
1.1706190805959923e-53	-1.6382765133209751	0.059	0.298	4.4217794531352414e-49	5	CLU
1.7167783882439466e-33	-1.6418917340172159	0.019	0.137	6.484787005913859e-29	3	Actb
1.2602651136394335e-35	-1.6471772954315531	0.06	0.299	4.760399413750232e-31	7	NDRG1
1.7274415937123326e-34	-1.65156380938162	0.006	0.119	6.525065131929593e-30	3	Gsg1
4.5069883618984106e-5	-1.6568501738136268	0.05	0.109	1	8	Prm1
2.9711047156100877e-22	-1.6571244677004289	0.021	0.163	1.1222753842273984e-17	6	BIRC3
2.826822542852449e-54	-1.6611180574271387	0.02	0.185	1.0677756791116554e-49	2	Eif1
1.9691809725939553e-46	-1.663676525706661	0.02	0.174	7.438187287779147e-42	3	Lyar
1.1957307262486533e-56	-1.6861921971616214	0.06	0.309	4.516633672259038e-52	5	NDRG1
7.81770530341705e-34	-1.6943530053901814	0.013	0.119	2.952981824259723e-29	2	Akap4
6.236570006712148e-39	-1.6954464449543378	0.017	0.14	2.3557395886353796e-34	2	Actb
3.788666365424728e-51	-1.7003692013306868	0.005	0.127	1.4310929462118826e-46	1	Spz1
1.3533755291026706e-56	-1.7260584250094337	0.006	0.141	5.1121053860795174e-52	1	Dbil5
5.829229838766191e-62	-1.7274297586302914	0.025	0.209	2.2018749869971533e-57	2	Hsp90aa1
4.159768662270127e-50	-1.7363765643660813	0.006	0.127	1.571269416799295e-45	1	Gsg1
2.107185736599881e-48	-1.7500745565965756	0.008	0.127	7.95947268285873e-44	1	mt-Co1
2.358522527628987e-76	-1.7793346371511962	0.013	0.195	8.908847143612973e-72	1	Eif1
2.850367094721539e-72	-1.787816442262759	0.014	0.187	1.076669162689167e-67	1	Lyar
1.0760372818580698e-33	-1.7917774440611212	0.007	0.118	4.064515624762487e-29	3	Akap4
1.5144637251892313e-70	-1.801347965822366	0.014	0.184	5.720583829157283e-66	1	Calm1
5.2403461897752924e-55	-1.851938389347969	0.011	0.148	1.9794359662638213e-50	1	Actb
2.67985959690845e-85	-1.8583800787192222	0.019	0.22	1.0122633655402288e-80	1	Hsp90aa1
7.722841560011653e-91	-1.8633431606423114	0.04	0.323	2.9171489424632016e-86	4	NDRG1
2.664090995931873e-72	-1.8750567810494119	0.066	0.283	1.0063070918933463e-67	2	Ldhc
4.71930673692201e-84	-1.8768277002663147	0.043	0.311	1.782623733737551e-79	4	CLU
1.5501310094018032e-46	-1.881388419797704	0.049	0.257	5.855309861813431e-42	5	IGHM
9.249863418831377e-51	-1.887018406016651	0.005	0.126	3.493950909195176e-46	1	Akap4
1.6997224389872986e-66	-1.8964589306883488	0.018	0.209	6.420361568786724e-62	2	Odf2
2.2909611950715483e-60	-1.9097386172939919	0.016	0.206	8.65364772214376e-56	3	Odf2
1.136752069239377e-41	-1.9222313595221263	0.025	0.158	4.293853591137899e-37	2	Smcp
8.832897313566082e-87	-1.945636909805779	0.016	0.219	3.336450302253316e-82	1	Odf2
1.8619079646628398e-98	-1.9783132230034643	0.036	0.326	7.032984954920945e-94	3	NDRG1
5.938743266072667e-41	-1.9882946374844024	0.018	0.157	2.2432414938936285e-36	3	Smcp
9.480511144397558e-140	-1.9949250742801916	0.107	0.562	3.58107347457329e-135	5	MT-ATP6
9.038323660405958e-92	-1.9966243639184298	0.04	0.313	3.4140459962451423e-87	3	CLU
5.524733442109075e-6	-2.003708835656002	0.038	0.103	0.20868575630878608	8	Prm2
5.793692947489659e-107	-2.031540099245582	0.038	0.286	2.188451637055269e-102	1	IGHM
2.5799087571402065e-87	-2.0522214346651504	0.032	0.275	9.745089348345702e-83	2	IGHM
9.738935209567927e-37	-2.068341463006514	0.032	0.251	3.678687996710093e-32	6	IGHM
2.6976830194271582e-77	-2.070705041765148	0.042	0.282	1.0189958069282205e-72	3	Ldhc
4.649611691468825e-46	-2.1363167892783506	0.03	0.292	1.7562978242185192e-41	6	CLU
1.5271441451979006e-48	-2.1396254263609444	0.03	0.303	5.76848157965603e-44	6	NDRG1
5.31131850404116e-105	-2.3237635228022295	0.087	0.548	2.0062443385314676e-100	6	MT-ATP6
7.610933525919885e-118	-2.3340103010380844	0.038	0.3	2.8748779207457184e-113	1	Ldhc
4.664920164752469e-72	-2.35288122927948	0.005	0.17	1.76208029383195e-67	1	Smcp
9.940587218227277e-19	-2.4688584136783196	0.036	0.118	3.754858009940989e-14	4	Prm1
8.721248775983179e-19	-2.53553388110774	0.031	0.111	3.294277300152126e-14	4	Prm2
1.1395799951290869e-12	-2.6196357867833844	0.04	0.114	4.3045355156011e-8	5	Prm1
1.3285372120263657e-23	-2.694684970189821	0.033	0.12	5.018283610987191e-19	2	Prm1
8.037677721382644e-16	-2.7789228141779514	0.025	0.108	3.0360720056978664e-11	5	Prm2
3.853840187923329e-26	-2.797126173522157	0.019	0.114	1.4557110541842792e-21	3	Prm2
1.3754747746646903e-30	-2.89871546439393	0.017	0.116	5.195580866340934e-26	2	Prm2
4.572734857625669e-30	-3.0438438038317233	0.016	0.122	1.727259137770944e-25	3	Prm1
4.988010798122333e-42	-3.0905772724248264	0.018	0.129	1.884121318774749e-37	1	Prm1
3.045788589926677e-44	-3.095559734929344	0.011	0.122	1.1504857240730038e-39	1	Prm2
