cluster	gene	scores	avg_log2FC	p_val	p_val_adj	pct.1	pct.2
4	Chordc1	2.906074	1.016	0.003659949078250273	0.04988004095620056	0.151	0.075
7	Rbms1	3.5250125	0.911	0.0004234626665709136	0.04987417392565942	0.296	0.208
4	Qdpr	2.9064162	1.202	0.003655948715327469	0.049873234937200014	0.132	0.056
4	Kdelr1	2.9063613	0.858	0.003656588506094981	0.049873234937200014	0.171	0.093
4	Tmx1	2.90773	0.762	0.0036406242423195987	0.04976815868887319	0.183	0.103
4	Nop56	2.907511	0.638	0.0036431742577592904	0.04976815868887319	0.213	0.129
10	Ddx3y	2.721582	0.816	0.006497029771305756	0.04975822756750027	0.199	0.095
1	St3gal5	3.0079453	1.155	0.0026302047809362906	0.04972570448644304	0.136	0.069
11	Hnrnpa0	3.3969681	0.984	0.0006813687892684567	0.049694306969617026	0.422	0.275
11	Rpl28	3.3987467	1.233	0.0006769537016637609	0.049579747788659735	0.337	0.197
3	Rhoa	3.1544797	0.456	0.0016078452227568903	0.04951651957221794	0.411	0.365
6	Cbx3	2.9950395	0.966	0.002744092469209002	0.04946460789119143	0.196	0.103
4	Sae1	2.9099336	0.636	0.0036150549049714844	0.04946155576809886	0.218	0.135
4	Nifk	2.910399	1.006	0.0036096761013374545	0.04942675893355316	0.158	0.083
5	Slc25a5	3.0334766	0.784	0.0024175346117800015	0.04940216391317375	0.254	0.167
5	Dcun1d5	3.0335858	1.328	0.0024166596702949266	0.04940216391317375	0.162	0.075
10	Eif1b	2.724869	0.866	0.006432700693727051	0.04928721133729944	0.196	0.093
10	Chtf8	2.725146	0.974	0.006427305972480471	0.0492675331602054	0.179	0.078
7	Il6ra	3.5321615	1.694	0.0004121774876022186	0.04921003963283748	0.172	0.069
11	Elf1	3.4062262	1.238	0.0006586756716983693	0.0488569175888267	0.331	0.18
10	Cdc20	2.728193	0.709	0.00636823213163178	0.048836187543543144	0.216	0.109
10	Imp4	2.7284148	1.616	0.006363954971597114	0.04882486756598121	0.135	0.039
10	Flvcr1	2.728618	1.826	0.006360036512740893	0.04881629082060171	0.125	0.029
12	Plac8	3.6062856	1.133	0.000310611432683534	0.04877718813609623	0.4	0.258
10	Ccdc25	2.729375	1.09	0.006345450469030606	0.04872579168531828	0.166	0.066
10	Ube2d3	2.7295413	0.457	0.006342252686861928	0.04872579168531828	0.375	0.23
10	Gna12	2.7294674	1.266	0.006343673744287699	0.04872579168531828	0.152	0.053
10	Chtop	2.729855	0.822	0.0063362163884149916	0.04871927122472947	0.196	0.091
4	Srp14	2.9156272	0.68	0.0035497419994812212	0.04864430251018645	0.19	0.107
3	Anxa6	3.1611354	1.48	0.0015715536228338906	0.04857048085038572	0.131	0.054
5	Bptf	3.0393589	0.871	0.0023708232135048594	0.048561479946654766	0.228	0.139
4	Sbds	2.9165719	1.24	0.0035390132403434636	0.04853543650072928	0.127	0.05
4	Mrpl24	2.916996	0.98	0.0035342026849320826	0.048507627559882784	0.15	0.072
10	Mum1	2.731831	1.229	0.006298341760706627	0.04844942419720971	0.155	0.057
3	Stx7	3.162509	1.342	0.0015641593943045659	0.04842781954195895	0.146	0.07
10	Tbce	2.732459	1.625	0.0062863495665696515	0.048399893681482155	0.132	0.035
10	Mtr	2.7329392	1.747	0.006277192937410978	0.04835075125585982	0.128	0.032
1	Arap3	3.0178847	1.279	0.0025454563949574892	0.048327725914844445	0.124	0.058
2	Myl6	2.8567872	0.503	0.004279526897914692	0.048251250554690164	0.324	0.303
10	4933434E20Rik	2.7343795	1.421	0.006249795040707228	0.0481609979463164	0.145	0.048
5	Galk1	3.0425885	2.054	0.0023455281474269504	0.04815653844263742	0.125	0.037
10	Snhg3	2.7346013	2.533	0.0062455895480539635	0.048149876785550036	0.111	0.016
4	Nol8	2.920226	1.432	0.003497774995474123	0.048045481439014534	0.12	0.044
10	Rps6kb1	2.7356539	0.942	0.006225648228182346	0.04801737799356039	0.179	0.077
10	Bak1	2.7362077	0.968	0.006215175837442995	0.04795782648183658	0.182	0.081
10	Mrps7	2.7365587	2.017	0.006208551529363253	0.04792792812592156	0.122	0.026
10	Thoc2	2.7369466	0.56	0.006201237322095316	0.04789267512691336	0.257	0.141
10	Bcap31	2.737316	0.762	0.006194278624384903	0.04786013772236403	0.22	0.113
10	Cenpf	2.737445	0.409	0.006191844741754265	0.04786013772236403	0.409	0.251
7	Irf5	3.5419571	1.795	0.0003971701383084984	0.04774532883348577	0.165	0.06
3	Prkx	3.1683855	2.542	0.0015328810108618941	0.04770655951814708	0.099	0.021
10	Klf9	2.739181	3.165	0.006159244492898904	0.04763167291735616	0.105	0.01
6	Lmo2	3.0073829	0.808	0.002635075472432217	0.04754865482398134	0.218	0.12
10	Nfya	2.7400305	0.911	0.006143347574861455	0.04752982315908124	0.196	0.093
1	Sh3bp5	3.0242863	1.059	0.0024922044535247174	0.04752912016344568	0.144	0.078
5	Psmd2	3.0470822	0.821	0.0023107460158301473	0.04749836533247087	0.247	0.16
7	Nup210	3.5454912	0.974	0.00039188210241155203	0.04743678421622058	0.281	0.198
4	Dnase2a	2.9245784	1.295	0.0034492305827193053	0.0474160396588172	0.125	0.048
13	Fcrla	3.2296078	2.951	0.0012396016403415859	0.047361381127040816	0.179	0.023
10	Xk	2.7418404	2.598	0.0061096033776830505	0.04731074921208052	0.111	0.016
4	Txn2	2.9259472	0.801	0.003434092269753547	0.04724519522815633	0.176	0.096
6	Cul3	3.010133	0.672	0.0026113324773087226	0.04721798382984268	0.261	0.157
13	Clptm1l	3.2324138	1.832	0.0012274916751200012	0.04720865984650848	0.238	0.089
10	Acadm	2.7427268	0.934	0.006093136592227954	0.047204206195166874	0.172	0.07
6	Mpp6	3.0106606	1.101	0.0026067995592079416	0.047184966891540635	0.171	0.077
6	Tifa	3.0118759	1.179	0.00259638746054945	0.04704535324827179	0.161	0.067
10	Mrpl32	2.7447028	1.464	0.006056573174536118	0.046941808361644764	0.139	0.041
4	Tma7	2.9288213	0.808	0.0034024984943819662	0.046847512840104306	0.174	0.094
10	Nob1	2.7455707	2.224	0.006040575175791957	0.046838641409799646	0.118	0.022
6	Cnot8	3.0138426	1.211	0.0025796168428955267	0.046790115700844875	0.159	0.065
18	Rpl11	3.6389759	1.773	0.00027372436108808737	0.046777346452220106	0.806	0.423
18	Rpl39	3.6415093	2.134	0.00027104429727504455	0.046777346452220106	0.556	0.203
4	Exosc3	2.9297657	1.014	0.0033921755846331126	0.0467423024630354	0.153	0.076
4	Cox5b	2.930286	0.566	0.0033865026877078746	0.0467010509093639	0.245	0.157
4	Mgat5	2.9303405	1.67	0.0033859060434170544	0.0467010509093639	0.109	0.033
1	Il18rap	3.0312676	1.224	0.0024352926659386093	0.04664789720876472	0.126	0.058
6	Milr1	3.015841	1.795	0.0025626750672422317	0.04653123864281181	0.122	0.029
11	Cct2	3.4210148	1.281	0.0006238794794956111	0.046473688919179475	0.325	0.183
6	Osgep	3.0166245	1.278	0.0025560616982096026	0.046459553140241486	0.149	0.055
10	Spg7	2.7485254	1.319	0.005986398890386803	0.04643921631434462	0.152	0.053
10	Mtrr	2.748784	3.256	0.005981679358561371	0.046423264870473394	0.105	0.009
6	Nup62	3.017472	0.963	0.002548926036471152	0.04637821476172093	0.196	0.101
4	Rpe	2.9337761	0.956	0.0033486574928951562	0.04625233657579673	0.155	0.076
5	Trp53i11	3.0566933	4.349	0.002237931370577262	0.04611038028431708	0.094	0.005
4	Oaz1	2.93535	0.475	0.0033317163990020785	0.04605483628152675	0.532	0.403
4	Zfp422	2.9358838	1.128	0.00332598890639583	0.04601215287887755	0.136	0.058
18	Fyb	3.648489	2.418	0.0002637871239821407	0.04598073358132695	0.5	0.12
10	Hspa4l	2.7520711	1.069	0.00592196549333128	0.04598030312439089	0.169	0.067
3	Tnfrsf21	3.1802444	1.457	0.0014715090176579408	0.04588528387619958	0.14	0.064
6	Ndufb3	3.0212934	0.628	0.0025169740079500433	0.045844695854312646	0.303	0.197
4	Nktr	2.937622	0.614	0.0033073999318447953	0.045791332972189534	0.222	0.136
2	Litaf	2.8780775	1.823	0.004001069328811773	0.04570290922052295	0.11	0.043
10	Exo1	2.7548044	2.133	0.0058727253935242025	0.045638643038127674	0.118	0.022
10	Ipo11	2.7550998	1.974	0.005867424305689309	0.045617784599674555	0.125	0.028
4	Nup85	2.9394834	0.753	0.0032875985968947937	0.045555375339919144	0.187	0.105
4	Aggf1	2.9394698	0.872	0.003287743799989575	0.045555375339919144	0.18	0.102
10	Gadd45a	2.7557645	0.738	0.005855512625242642	0.04554548887577174	0.22	0.112
4	Ndc1	2.9400992	1.305	0.0032810705006404086	0.04553530246549599	0.13	0.054
11	Fau	3.428933	0.736	0.000605959521008369	0.04552793280472793	0.639	0.515
4	Mrpl15	2.9414132	1.089	0.0032671833448466546	0.04541489065711486	0.143	0.065
10	Focad	2.7577775	3.929	0.005819579508484151	0.045286201076958583	0.101	0.006
10	Nbn	2.7583685	1.951	0.005809068150785853	0.045224594433384634	0.125	0.028
5	Msh2	3.0635896	1.414	0.0021869866613009868	0.045167493475281394	0.16	0.073
6	Stub1	3.026234	0.682	0.002476206745999923	0.04514933032377057	0.266	0.161
10	Hnrnpul2	2.759421	0.494	0.005790387186748916	0.04509930252556763	0.375	0.235
6	Atp2a2	3.0271614	0.963	0.002468622318070336	0.0450581734306639	0.191	0.095
12	Cd300c	3.6293266	8.438	0.00028416144662659064	0.04502925614680092	0.169	0.001
6	Copz1	3.0279126	0.656	0.0024624919139910203	0.04499339261297429	0.298	0.195
2	Lrrfip1	2.8844283	0.816	0.003921250669463731	0.04496797396014625	0.218	0.171
6	Psmd14	3.028904	0.785	0.0024544263065049035	0.044895455621997316	0.233	0.135
6	B3gnt5	3.028888	2.077	0.002454556204908694	0.044895455621997316	0.122	0.031
4	Psmb2	2.9459026	0.992	0.0032201386281101928	0.04479667711619216	0.151	0.073
6	Skp1a	3.031846	0.79	0.0024306317861473	0.044551359268489577	0.228	0.13
11	Selenow	3.4360225	1.7	0.0005903219100165266	0.04454502689826007	0.259	0.109
11	Flt3	3.4375575	4.041	0.000586986292725215	0.04448590464562271	0.169	0.012
5	Clec2d	3.0688477	0.973	0.0021488608526279494	0.044485502995436806	0.2	0.108
6	Myc	3.0336847	1.548	0.002415867614527815	0.04436730707781631	0.144	0.053
6	Rsl24d1	3.033413	1.323	0.0024180449615010895	0.04436730707781631	0.154	0.061
10	Cir1	2.7651274	2.377	0.005690056222722144	0.04433767099609732	0.115	0.018
10	Mff	2.7653859	1.308	0.005685547839296673	0.044322354376914265	0.155	0.056
5	Uqcrq	3.0706887	0.7	0.0021356558662402243	0.044264705593856535	0.294	0.205
3	Brk1	3.1916277	0.777	0.001414735026043188	0.04419398967555342	0.25	0.184
5	Fkbp1a	3.072405	1.276	0.002123413184766582	0.04415096288065915	0.167	0.078
5	Selenow	3.0720775	1.073	0.0021257454419232463	0.04415096288065915	0.195	0.106
5	Raly	3.0718122	0.783	0.002127635179837857	0.04415096288065915	0.254	0.165
6	Ankrd11	3.0358913	0.62	0.002398258980085735	0.0440971015631587	0.305	0.196
6	Zmat2	3.036259	0.923	0.002395335655969473	0.04408985830961339	0.206	0.111
4	Zhx1	2.951391	1.1	0.0031634625767504847	0.04404338352662756	0.139	0.061
10	Bora	2.767842	1.359	0.005642878620383821	0.04400940368318138	0.155	0.057
6	Tomm5	3.0372343	1.135	0.002387598282841081	0.04399389605518275	0.171	0.077
6	Mrpl36	3.0376658	1.145	0.0023841808544094664	0.04397741425736657	0.169	0.075
2	Kif21b	2.8922665	1.447	0.00382473231436634	0.04391891236608674	0.125	0.059
4	Aco2	2.952965	0.76	0.0031473774487403125	0.04385446547481406	0.19	0.109
4	Hdac1	2.9533072	0.688	0.0031438905623364425	0.04384092511366922	0.204	0.121
6	Tab2	3.0395207	0.623	0.0023695494573302864	0.04375383113424176	0.303	0.196
10	Wdr82	2.7700398	1.285	0.0056049459945082215	0.04375297145902186	0.159	0.06
10	Parvb	2.769892	2.954	0.005607488855456075	0.04375297145902186	0.108	0.012
10	2310033P09Rik	2.7699103	2.005	0.00560717094092676	0.04375297145902186	0.125	0.028
16	H2-D1	4.1381507	1.185	3.501163872404253e-05	0.04359199104277038	0.738	0.606
10	Kras	2.7721634	0.787	0.005568507161087345	0.043507238155496876	0.209	0.102
3	Sulf2	3.196897	4.159	0.0013891454766009976	0.043472522087310575	0.084	0.006
5	Tlk1	3.0778036	1.106	0.0020853227600352315	0.04342802990462858	0.191	0.102
6	Dpy19l1	3.0425105	1.123	0.0023461356325323256	0.043367433945568364	0.174	0.079
4	Thoc7	2.9580154	0.88	0.003096267285635975	0.04321139716246652	0.171	0.091
10	Mrpl38	2.774841	2.613	0.00552286728273932	0.04316999982306237	0.111	0.015
4	Bcap31	2.958823	0.672	0.0030881657363208545	0.04313286614568014	0.195	0.11
15	Ptprs	3.8200395	4.409	0.00013343023475417387	0.04307078559259268	0.286	0.022
10	Ddost	2.77582	0.607	0.0055062695522196	0.04305957136148041	0.277	0.158
10	Lsm12	2.77582	1.381	0.0055062695522196	0.04305957136148041	0.145	0.046
10	Efr3a	2.7767987	1.129	0.005489716854249221	0.042968681852904436	0.166	0.064
7	Kctd12	3.5736513	0.973	0.00035203772859036917	0.04291167585355752	0.284	0.186
6	Lat2	3.04606	1.567	0.0023186146685046692	0.04290421686486719	0.136	0.043
10	Psme1	2.7782576	0.689	0.005465127323517091	0.04281466713538266	0.236	0.126
2	Cd53	2.9018512	0.984	0.0037096481405020777	0.04279475627868413	0.183	0.125
2	F5	2.9025366	1.876	0.0037015386314785876	0.0427294833677505	0.107	0.039
10	Ube3b	2.7797165	1.448	0.0054406372578207005	0.04264197304005064	0.142	0.042
4	Cul5	2.9629972	1.294	0.003046592251945667	0.042586326819298255	0.127	0.049
4	Ccni	2.9633806	0.472	0.0030428013663990026	0.042567472405859556	0.31	0.209
4	Ndufb6	2.963887	0.914	0.00303779858069966	0.04253162012865524	0.158	0.079
6	Ftl1	3.0495777	0.64	0.0022916336182694243	0.04245001657816614	0.273	0.166
5	Timm13	3.0852928	0.755	0.0020335179254160063	0.04239982172000766	0.278	0.19
10	Dnajb1	2.7818956	1.267	0.005404241639833958	0.0423757696913836	0.159	0.058
6	Mcmbp	3.050617	0.912	0.0022837171609220563	0.04234837641705571	0.199	0.099
4	Bzw2	2.9658306	1.168	0.0030186682689346727	0.04233178326291254	0.141	0.064
6	Psmc6	3.0512724	0.928	0.00227873659597967	0.04230101981312207	0.213	0.119
6	Psma4	3.0514004	0.951	0.002277765939407717	0.04230101981312207	0.196	0.099
13	Krtcap2	3.268918	1.839	0.0010795961481870305	0.042099419371472324	0.232	0.074
4	Agtrap	2.9681573	0.93	0.0029959103463383595	0.0420464679927729	0.153	0.072
4	Tex2	2.9683626	1.342	0.0029939098281306946	0.0420464679927729	0.121	0.044
1	Pnkp	3.0666003	0.884	0.002165081859073892	0.041989290940085695	0.173	0.105
6	Arhgap17	3.0542624	1.191	0.0022561463073884043	0.04197106327010382	0.164	0.068
4	Spop	2.9694986	0.535	0.002982862305921884	0.041930865205261576	0.269	0.177
13	Pim1	3.271826	1.774	0.001068553156495063	0.04185606757497853	0.238	0.08
6	Fkbp2	3.056229	0.797	0.0022413995177212403	0.04174127670234929	0.236	0.136
5	Eftud2	3.0903792	1.051	0.001999010035103985	0.041730232241793494	0.202	0.115
5	Myef2	3.0915964	2.304	0.001990833620136207	0.04160937749711538	0.12	0.031
5	Arl6ip4	3.0917835	1.239	0.0019895784381008777	0.04160937749711538	0.174	0.085
3	Zfp710	3.210763	1.623	0.0013238303054002852	0.041577812708887156	0.13	0.053
6	Luc7l	3.0586114	1.013	0.0022236538391259743	0.04145509098374851	0.196	0.101
1	Tmbim6	3.0713925	0.384	0.0021306285235819563	0.041449760931425314	0.445	0.402
1	Efhd2	3.072765	0.725	0.002120853438405126	0.0413056941730053	0.217	0.154
11	Cct5	3.458778	1.12	0.0005426323778675737	0.04130403920790252	0.373	0.223
2	B230208H11Rik	2.9183943	1.784	0.0035183904514847005	0.04107773875407221	0.108	0.039
6	Atp2b4	3.0630882	1.912	0.002190654132373608	0.04092742999078709	0.129	0.037
5	Mat2a	3.098633	0.752	0.0019441560019048203	0.04073147027548429	0.268	0.179
4	Cdk5rap3	2.979709	1.697	0.002885224430662689	0.04059107913711165	0.113	0.036
6	Bcor	3.066158	1.403	0.0021682858523486286	0.04055299430503106	0.149	0.055
5	Prmt1	3.100724	0.998	0.0019304821509852081	0.04049366350640573	0.202	0.111
5	Wnk1	3.1019409	0.616	0.001922563463650583	0.040376149078184716	0.358	0.267
6	Ubap2l	3.0684927	0.826	0.002151416995888523	0.040364864531554946	0.221	0.121
6	Psat1	3.0680928	1.626	0.0021542969342195246	0.040364864531554946	0.139	0.046
6	mt-Cytb	3.067869	0.774	0.002155911243123037	0.040364864531554946	0.238	0.138
5	Plk1	3.102518	1.105	0.0019188176031606657	0.040346091243297424	0.188	0.098
3	Trafd1	3.2220144	1.708	0.0012729271194400489	0.0403425320344718	0.125	0.047
5	Nup62	3.1030798	1.181	0.0019151794160455395	0.04031822753754807	0.188	0.102
5	Rbm8a	3.104562	0.84	0.0019056090385725195	0.0402138875924426	0.249	0.163
4	Bccip	2.9832537	0.907	0.002852014260060172	0.040188731258778386	0.16	0.08
11	Syncrip	3.468304	1.04	0.0005237547738502274	0.04004197132887418	0.41	0.252
5	Celf1	3.106216	0.926	0.001894982369106532	0.04003810627381328	0.226	0.135
5	Slc25a4	3.106216	1.219	0.001894982369106532	0.04003810627381328	0.174	0.084
1	Hck	3.0856154	1.047	0.002031313166299368	0.039918624353736505	0.148	0.08
4	Esf1	2.986703	1.044	0.002820037010054409	0.03985061692691113	0.157	0.078
4	Rabgap1l	2.986429	0.906	0.002822562875085428	0.03985061692691113	0.16	0.079
4	Sort1	2.9863334	0.825	0.002823447415795723	0.03985061692691113	0.165	0.082
3	Mef2a	3.2268214	1.397	0.001251735718159462	0.03974317905872055	0.141	0.063
6	Ndufs6	3.0737529	0.63	0.0021138444697763326	0.03970519714727506	0.288	0.178
5	Dhfr	3.109945	1.777	0.001871221651585138	0.03968037057029263	0.139	0.049
5	Rbbp7	3.1108189	0.973	0.0018656940083416054	0.039611342581489066	0.224	0.138
18	F2r	3.6986914	7.056	0.0002167138390764136	0.03956402717505597	0.361	0.004
18	Rps21	3.6941934	1.915	0.00022058585662306556	0.03956402717505597	0.667	0.292
18	Itga6	3.6934695	4.266	0.00022121497382266223	0.03956402717505597	0.389	0.033
18	Rabgap1l	3.6916084	3.025	0.00022284044714276547	0.03956402717505597	0.444	0.085
18	Ptpn12	3.6894886	2.878	0.00022470533476739955	0.03956402717505597	0.444	0.073
1	6430548M08Rik	3.0902421	1.233	0.0019999340320612955	0.039435350806403216	0.126	0.056
6	Prelid3b	3.076551	1.262	0.0020941051600233294	0.03941938125741539	0.161	0.067
4	Nbdy	2.991274	2.467	0.0027781589894529143	0.03930689070223519	0.093	0.016
6	Polr2h	3.0782778	1.499	0.0020820076972440827	0.039234028292607144	0.146	0.053
5	Hmgb3	3.115484	1.091	0.001836433373003706	0.03913309306213643	0.195	0.107
5	Med13	3.1164982	1.273	0.0018301284237414565	0.03904647313860138	0.167	0.076
5	Ddx6	3.1171067	0.675	0.001826355008034532	0.039013718315012165	0.311	0.218
4	Lsm7	2.994299	1.207	0.002750762378549781	0.03897011079231977	0.141	0.064
4	Tiprl	2.9941485	0.816	0.0027521201529083607	0.03897011079231977	0.174	0.092
5	Arl5a	3.11784	2.324	0.0018218170583267068	0.03896453146465378	0.118	0.027
4	Cebpe	2.9959414	0.553	0.002735989993840517	0.03880475311849801	0.215	0.121
4	Sf3b6	2.9961877	0.644	0.0027337803978762757	0.03880475311849801	0.224	0.138
4	Tars	2.9972417	1.334	0.00272434662914077	0.03870259665244724	0.13	0.053
1	Ehd1	3.0982175	1.242	0.001946885663646645	0.038695740026253894	0.137	0.071
5	Gclc	3.12082	1.681	0.001803482014478483	0.03861977272036172	0.146	0.057
6	Abhd11	3.083538	1.983	0.0020455492299575897	0.03858871063570427	0.127	0.034
2	Mmp25	2.9442763	3.036	0.003237107653834283	0.03833289640895746	0.084	0.013
4	Nt5c3	3.0005403	1.009	0.0026950120609661745	0.038317092361094124	0.153	0.073
6	Ptpn18	3.0869277	0.691	0.0020223675508078665	0.03819272890371822	0.251	0.143
6	Mthfd1l	3.0878072	1.435	0.002016392947993464	0.038121198998344985	0.151	0.058
6	2610001J05Rik	3.0884786	1.284	0.002011841435905373	0.038076447415055975	0.161	0.067
6	Frg1	3.0898218	0.665	0.0020027666846268405	0.0379458979127505	0.27	0.162
6	Ciapin1	3.0926518	1.274	0.0019837677429926388	0.03764304814921348	0.161	0.066
6	Cd48	3.0925238	1.302	0.0019846228701237557	0.03764304814921348	0.154	0.058
6	Sf1	3.0946023	0.728	0.0019707688899318434	0.037461802094222424	0.261	0.157
14	Ier5	3.8500721	1.945	0.00011808303325625558	0.037423733685268926	0.328	0.127
6	Gnai3	3.0962012	0.636	0.001960172453263209	0.03730507774046444	0.285	0.174
6	Gm23935	3.0961692	1.123	0.0019603838684106147	0.03730507774046444	0.176	0.08
5	Tapt1	3.1314766	1.785	0.0017392962150006447	0.03729110986922046	0.139	0.049
5	Elovl6	3.1318355	3.184	0.0017371717781470553	0.03729110986922046	0.104	0.012
9	Slc28a2	3.5899553	1.765	0.00033073461336740906	0.03719377448778908	0.188	0.068
11	Prrc2c	3.4919848	0.983	0.00047944534063481604	0.03714316325602435	0.434	0.286
5	Sh3bp5	3.134051	1.086	0.0017241084437054006	0.03710238800275165	0.176	0.08
13	Nfkbia	3.3129218	1.182	0.0009232677514505621	0.03674310542359532	0.358	0.192
5	Rcc1	3.1385133	1.434	0.0016980715806816807	0.03658725058450232	0.162	0.073
5	Sf3a3	3.1392937	1.074	0.0016935569966746705	0.036535138625044775	0.193	0.1
5	Inpp5d	3.1400268	1.068	0.0016893233571202996	0.036488965846299806	0.198	0.105
5	Rpl28	3.141041	0.779	0.0016834843647756746	0.03640796025112256	0.278	0.195
11	Rpl22l1	3.4985874	1.105	0.00046772985856909945	0.03639731769963381	0.38	0.226
2	Rasa2	2.9622555	1.2	0.003053943424311564	0.03634892970968114	0.158	0.094
18	Eef1b2	3.7274377	1.907	0.00019343640080345578	0.03587010534473445	0.778	0.368
2	Plek	2.9687357	1.499	0.002990277604986362	0.03577455657688214	0.127	0.059
13	Derl3	3.3249369	8.404	0.0008843856953166087	0.035602141004766295	0.159	0.001
5	Kansl1l	3.14917	2.793	0.0016373491055175027	0.035454201563075265	0.111	0.019
3	Rpl18	3.2623847	0.419	0.0011047909702367154	0.035389432262941695	0.565	0.498
3	Leprot	3.2619488	1.736	0.001106490768361151	0.035389432262941695	0.131	0.055
9	Clec5a	3.6117077	1.3	0.00030418742566481175	0.03486896864458041	0.233	0.108
9	Wdr1	3.610115	0.897	0.00030606116703693436	0.03486896864458041	0.346	0.224
18	Cct6a	3.737985	2.035	0.00018550116011684258	0.034768502387061105	0.639	0.25
9	Stxbp5	3.6145668	1.636	0.00030085013858550464	0.03472926334890021	0.197	0.075
15	Igf1r	3.8835618	2.316	0.00010293730618673357	0.034505772771941404	0.386	0.134
17	Rpl9	4.2087536	1.795	2.567833950821066e-05	0.03443070276674	0.775	0.5
11	Rps21	3.51513	1.006	0.00043953877740392997	0.03435695259608925	0.44	0.29
1	Baz1a	3.136449	0.414	0.0017100717162507478	0.034301795265784564	0.398	0.352
11	AI662270	3.5178587	1.122	0.000435043979242586	0.034158791000799625	0.38	0.231
3	Trps1	3.2743888	3.007	0.001058907945491678	0.034117974857422254	0.096	0.016
2	Cd63	2.9863653	0.523	0.0028231509896104873	0.033985044820373206	0.325	0.265
1	Anxa3	3.1408627	0.727	0.0016845102611892418	0.03390611820183565	0.221	0.157
15	Crip1	3.8926365	1.72	9.916066438456476e-05	0.033891559625242124	0.529	0.253
1	Tpx2	3.141679	0.652	0.0016798204347433245	0.033889988423623715	0.253	0.191
5	Fbl	3.1633997	0.895	0.0015593812926440452	0.033850031521890846	0.231	0.138
7	H3f3b	3.6454473	0.206	0.0002669270526570404	0.03371598155699182	0.747	0.757
9	Smc1a	3.6256783	0.72	0.00028820398739332564	0.03366993490511275	0.463	0.348
9	Trem3	3.6243029	1.126	0.0002897418527776325	0.03366993490511275	0.262	0.133
17	Limd2	4.232845	2.632	2.307535856469215e-05	0.03351888126176241	0.525	0.194
11	Taf1d	3.524778	1.547	0.00042383807943260167	0.033429509332984976	0.283	0.128
3	E2f2	3.2815728	0.988	0.001032298689628098	0.03338404166773168	0.187	0.106
3	Prcp	3.2825236	1.35	0.001028823620838619	0.033333502852858674	0.159	0.084
5	Hn1	3.1687512	0.801	0.00153095337387403	0.03327437438902521	0.278	0.19
18	Eprs	3.753547	2.225	0.00017434980648986913	0.033033603010053356	0.556	0.177
5	Rbm38	3.1713727	0.908	0.0015172043522862966	0.03301671543658232	0.231	0.137
3	Nupr1	3.2861288	4.906	0.0010157454334715963	0.03297105894011805	0.084	0.003
2	Cotl1	2.9969587	0.534	0.002726875848572092	0.03296267192542312	0.316	0.283
5	mt-Co1	3.1748207	0.611	0.0014992910520371565	0.03266767791007459	0.362	0.285
11	Zcchc11	3.5321598	1.535	0.00041218002767052435	0.03265777301056777	0.283	0.125
3	Naga	3.2897472	1.948	0.0010027742106699928	0.032610741168262396	0.117	0.037
18	Fli1	3.7630084	2.596	0.00016788153049679538	0.032491774843924105	0.5	0.121
18	Snrpb	3.7604234	1.915	0.00016962604043354332	0.032491774843924105	0.694	0.298
11	Rpl37	3.5358143	1.201	0.0004065201987249255	0.032356409059242815	0.355	0.198
18	Rps18	3.7672997	1.991	0.00016502285497640697	0.032320375113412916	0.667	0.26
9	Rps6ka1	3.6412234	1.183	0.0002713455912096121	0.032175680274658155	0.259	0.135
5	Slc25a3	3.182466	0.558	0.0014602666111060815	0.03189712694008785	0.419	0.327
5	G3bp1	3.1843538	0.784	0.0014507751762399173	0.031729563484363864	0.271	0.176
2	Tex15	3.0103977	2.461	0.0026090576579182526	0.03168644347115906	0.093	0.021
3	Pim1	3.3002987	1.342	0.0009658197426340548	0.03152659912706781	0.154	0.075
5	Brd3	3.1865852	0.783	0.0014396313468627026	0.03152539448136152	0.28	0.19
15	Ets1	3.915695	2.299	9.014416465928035e-05	0.03142605868351831	0.4	0.137
15	Alox5ap	3.9166992	1.427	8.976967304418408e-05	0.03142605868351831	0.643	0.399
15	Edem3	3.9268522	4.079	8.606480532295701e-05	0.03125407544967633	0.3	0.031
2	Klf7	3.016477	1.618	0.0025573061996334184	0.031135414960089685	0.122	0.053
3	Il6st	3.3074033	2.067	0.0009416516923730159	0.030817153151267866	0.115	0.035
5	Serp1	3.19629	0.645	0.0013920715956231501	0.03059924335852097	0.351	0.256
2	Gpsm3	3.0239532	1.324	0.002494950622551913	0.030497534573423836	0.141	0.072
3	Stxbp6	3.311233	3.834	0.0009288578845393721	0.030491378126941235	0.089	0.008
3	Pip4k2a	3.3116293	1.179	0.0009275436201270529	0.030491378126941235	0.174	0.096
2	Tmem154	3.0243928	2.058	0.0024913263297784995	0.030474602985522122	0.104	0.032
9	Slk	3.657438	0.774	0.0002547488300382023	0.030414567509560987	0.43	0.317
18	Tspan32	3.7885492	2.862	0.0001515296422738335	0.030359921775576917	0.472	0.105
2	Pi16	3.0275102	1.272	0.002465774249152229	0.030225675764396977	0.144	0.075
1	Lbr	3.1783607	0.43	0.0014811040793551744	0.030195468078643328	0.412	0.365
12	Cox6a2	3.7431934	7.299	0.00018169623299251053	0.030163305117070962	0.175	0.002
2	Mrgpra2b	3.0295796	2.086	0.002448942902938741	0.03008282152299168	0.105	0.034
1	Gpsm3	3.1814253	1.195	0.0014655230810979413	0.0299478696677822	0.139	0.07
1	1700020L24Rik	3.184147	1.251	0.0014518134491138634	0.029737438579910402	0.138	0.07
5	Rsl1d1	3.2061508	0.915	0.0013452348346613093	0.029682010636685165	0.235	0.144
18	Rpl21	3.7978554	2.016	0.00014595340783310248	0.029582719208590808	0.667	0.289
1	Slc25a24	3.1868684	1.067	0.0014382221081864555	0.029563265999761917	0.151	0.08
11	Gata2	3.5625408	3.622	0.000367282688177988	0.029502785887698196	0.181	0.019
1	Riok3	3.188099	0.734	0.0014321150480562086	0.029472488078710477	0.229	0.166
7	Ctsz	3.6819506	1.31	0.00023145629521854736	0.029449012277040137	0.228	0.131
5	Taf1d	3.2109096	0.986	0.0013231556567467224	0.029231845694235894	0.219	0.125
2	Dgkh	3.0411043	2.584	0.002357121155023619	0.029119049506177677	0.093	0.021
18	Rpl18	3.8088162	1.886	0.00013963370423170378	0.028634765864268573	0.889	0.503
14	Pld4	3.9342928	2.271	8.344199887362202e-05	0.028519166320904024	0.302	0.094
1	Ankrd12	3.1998608	0.706	0.0013749400507416785	0.028430106790602844	0.237	0.173
1	Gmfg	3.2004998	0.501	0.0013718950912591159	0.02840083531560291	0.344	0.28
11	Akap13	3.5792785	1.154	0.00034454421976027526	0.027913459259903815	0.38	0.212
12	Gria3	3.7677228	2.963	0.0001647434870082604	0.027815610535726627	0.212	0.043
12	Jaml	3.7658875	4.233	0.00016595855061187363	0.027815610535726627	0.188	0.013
12	Hsp90b1	3.766185	0.747	0.00016576094220387098	0.027815610535726627	0.581	0.504
1	Fmo5	3.2084513	1.916	0.0013345190001988543	0.027725864949304204	0.099	0.028
3	Ccl3	3.3401275	1.967	0.0008373992932253646	0.027697736395087914	0.119	0.037
11	Rpl35	3.5835664	1.113	0.00033893459170606635	0.027607331159011414	0.392	0.232
1	1810058I24Rik	3.2134447	1.273	0.00131153033024458	0.027313363424723146	0.133	0.063
9	Ltb4r1	3.6923466	1.194	0.00022219436452408653	0.026710827365650707	0.256	0.125
9	Csgalnact2	3.6938124	1.011	0.00022091677950051154	0.026710827365650707	0.314	0.195
11	Idh2	3.5954556	2.102	0.00032382431092312585	0.02650038292817374	0.229	0.066
1	Igf2r	3.2247095	2.031	0.0012610054512847938	0.026355618730629783	0.099	0.028
3	Arhgdia	3.3612437	0.691	0.0007759234200043919	0.02591019374347999	0.297	0.231
11	Rps6	3.6045432	1.415	0.0003127025195438134	0.025710932161170808	0.319	0.167
7	Akr1a1	3.7193897	0.939	0.0001997046876337722	0.025595973604002082	0.304	0.219
3	Mcub	3.366856	3.762	0.0007603033772884278	0.025535352927773765	0.091	0.008
9	Tagln2	3.710226	0.909	0.00020707417538656206	0.025241328329812334	0.346	0.219
9	Plcb2	3.7155466	1.293	0.00020276489173980185	0.025066629985223302	0.249	0.125
3	Ncf2	3.3743308	0.742	0.000739954284865833	0.024899890230687904	0.273	0.201
13	H2-Ab1	3.4376378	1.98	0.0005868118175462185	0.024887388787465048	0.232	0.064
9	Baz1b	3.719564	0.793	0.00019956692043076368	0.024847507071633156	0.417	0.301
12	Tmem229b	3.8047028	3.039	0.00014197452880651527	0.024747580116263674	0.212	0.04
1	Tacc3	3.24647	0.712	0.0011684577988294814	0.024628038562752953	0.241	0.179
3	Lpl	3.3811316	3.616	0.0007218794411334525	0.024455487456436886	0.093	0.009
11	Ddx21	3.61882	1.552	0.0002959493946790446	0.024448786249528086	0.289	0.131
9	Ak2	3.725898	1.016	0.00019462115826190818	0.02440605330693037	0.317	0.202
18	Erbin	3.8548307	2.363	0.00011580971842469113	0.02432143616699748	0.556	0.169
1	Ckap5	3.251854	0.756	0.0011465495653027967	0.02422485511853703	0.226	0.162
2	Hist1h1c	3.1087778	0.798	0.0018786289691026846	0.02372926200031079	0.243	0.189
3	Creg1	3.3934526	0.997	0.0006901747291312885	0.023635433602136522	0.209	0.136
11	Hp1bp3	3.6297348	1.137	0.0002837126309349811	0.02363410173835128	0.404	0.252
15	Fam129a	4.000528	3.006	6.320138693051535e-05	0.02343964628905985	0.343	0.069
15	Runx1	4.005437	2.868	6.19029520433124e-05	0.02343964628905985	0.357	0.099
18	Pdia3	3.8669806	1.969	0.00011019116137654889	0.02342368456042224	0.806	0.376
1	Vsir	3.2634854	0.722	0.001100508320435696	0.02339385430916417	0.225	0.15
3	H2-T23	3.3973353	0.941	0.0006804555193962283	0.02338003721938426	0.221	0.144
3	Rab14	3.3970315	0.763	0.0006812112539358595	0.02338003721938426	0.265	0.193
3	Cx3cr1	3.400399	3.135	0.0006728759170926267	0.023225544773943715	0.097	0.014
7	Calm1	3.749567	0.403	0.0001771401422952248	0.02304275985334376	0.615	0.584
1	Hmmr	3.2692955	0.827	0.0010781570150191855	0.02297476152664966	0.206	0.139
18	Vezf1	3.8750463	2.889	0.00010660449992402736	0.02294102516266322	0.472	0.083
12	Scpep1	3.8325558	3.634	0.00012681888334964658	0.02255693832313969	0.2	0.024
1	Jdp2	3.2757797	1.654	0.0010537072275383977	0.022481237066366965	0.113	0.041
3	Atp6v1a	3.4116635	0.906	0.0006456774910873148	0.02237535655495623	0.226	0.151
1	Mapk3	3.2810335	0.605	0.0010342748406118743	0.02217520879053577	0.28	0.207
1	Acap2	3.2826426	0.882	0.00102838925918168	0.022076173863049095	0.193	0.125
11	Srgn	3.651954	1.178	0.0002602524917507252	0.02200277902242968	0.392	0.219
2	Glrx	3.1355913	1.219	0.0017150810648533148	0.021917579209280152	0.164	0.097
1	Cfl1	3.2891152	0.304	0.0010050287769407839	0.021627971124512105	0.727	0.682
1	Cd33	3.2909374	1.058	0.0009985411457557071	0.021568241278398674	0.151	0.076
3	Ndrg1	3.4246845	1.82	0.0006155136784400712	0.02141520744289198	0.127	0.043
11	Myc	3.6640382	2.542	0.00024826974212984593	0.02115645152599323	0.217	0.054
11	Cbx1	3.6645985	1.397	0.00024772684509302175	0.02115645152599323	0.325	0.167
11	Cdca7	3.663478	1.311	0.00024881375496693317	0.02115645152599323	0.343	0.182
2	Rab3d	3.152432	1.315	0.0016191655875112266	0.02081391987898834	0.153	0.085
18	Gspt1	3.9052916	2.41	9.411180933493258e-05	0.02076535377869886	0.556	0.173
11	Nop56	3.6748798	1.547	0.00023796138253948343	0.020636342582317092	0.295	0.133
8	Hp	3.529864	0.611	0.00041577337885463433	0.020530724551884226	0.45	0.402
1	Cntrl	3.3095503	0.569	0.0009344595072318532	0.020284637198702906	0.313	0.252
3	Ehbp1l1	3.4423275	1.036	0.0005767314746937739	0.02014630528133702	0.203	0.124
3	Tmem109	3.4444802	1.881	0.0005721587674490136	0.020026705773903128	0.127	0.043
3	Apbb1ip	3.445695	0.722	0.0005695927805988373	0.019977005550539904	0.292	0.23
3	Hspa8	3.4462101	0.451	0.0005685082629259828	0.019977005550539904	0.497	0.435
3	Spi1	3.4459856	0.947	0.0005689807647665068	0.019977005550539904	0.218	0.139
3	Klra2	3.4493794	3.111	0.0005618765231590546	0.019826051974059677	0.099	0.014
3	Cdc42ep3	3.451466	0.99	0.0005575500332025664	0.019713295393010012	0.208	0.128
2	Kdm6b	3.177732	1.664	0.0014843193118041747	0.019351660377007158	0.128	0.055
11	Ssb	3.6976352	1.015	0.00021761739329336264	0.019061752675862333	0.452	0.302
3	Fosl2	3.46314	1.674	0.0005339106191793128	0.018993053067172656	0.135	0.05
18	Nop56	3.9321766	2.543	8.418019669223353e-05	0.018812115494132343	0.528	0.135
2	Mapk3	3.1894376	0.729	0.0014254987814717134	0.018668571945780192	0.263	0.212
2	Zyx	3.1900973	1.263	0.001422248871306325	0.018640015094541766	0.161	0.092
9	Ogfrl1	3.7972171	0.984	0.00014632962316308898	0.01848312798083916	0.337	0.212
18	Rps26	3.9396734	2.009	8.159263666928367e-05	0.0184706655815881	0.722	0.287
3	Pik3cd	3.4751573	1.048	0.0005105539393617356	0.018311657853939123	0.201	0.121
1	Anln	3.3417237	1.078	0.0008325991674019658	0.018271739585359215	0.166	0.096
2	Trem3	3.1985307	1.005	0.0013812985028858974	0.01818535815997287	0.197	0.133
1	Plp2	3.3456757	1.231	0.0008208231634268726	0.018042583306045166	0.139	0.065
1	Atp2a3	3.3457704	0.56	0.0008205430077567814	0.018042583306045166	0.318	0.252
2	Cdk11b	3.2033682	0.682	0.0013583021379209989	0.017923213146177844	0.277	0.234
13	Pdia6	3.5353904	1.125	0.0004071731071727741	0.01792281422002178	0.411	0.238
2	Fam129a	3.205968	1.464	0.001346089532583859	0.017790595985836995	0.138	0.064
18	Hspd1	3.963146	2.184	7.39685394033095e-05	0.017739437062474033	0.639	0.237
18	Pde5a	3.9606643	6.579	7.474156674398298e-05	0.017739437062474033	0.389	0.006
18	Rpl8	3.9559076	1.778	7.624460540276886e-05	0.017739437062474033	0.889	0.546
1	Slco4c1	3.3541954	1.547	0.0007959614721382367	0.017607112209189854	0.119	0.045
14	Zfp36	4.059594	1.325	4.915812197733572e-05	0.017487249473202834	0.509	0.335
3	Slc43a2	3.4900403	2.163	0.00048294779942829695	0.017465276124138267	0.119	0.034
2	Fbxl5	3.215255	1.568	0.001303286892341108	0.01730205165300674	0.136	0.063
15	Cyp4f18	4.0824966	3.127	4.455443749579013e-05	0.01725840888864706	0.343	0.058
13	Cd79a	3.5486808	2.949	0.0003871660052295595	0.017141935001071713	0.199	0.028
18	Gp1bb	3.9771054	7.006	6.975925259022285e-05	0.017126387773241894	0.389	0.005
3	Clec4a3	3.4981883	4.581	0.0004684303567845428	0.017046366490837926	0.091	0.005
3	Asap1	3.4990335	0.999	0.0004669480306777593	0.017027973060133938	0.216	0.14
13	Fut8	3.5520737	2.453	0.00038220788888544373	0.016995575793781047	0.219	0.049
11	Bclaf1	3.73016	1.17	0.00019135816962526878	0.016931798247401323	0.392	0.239
1	Rinl	3.370773	1.181	0.000749575843126208	0.016751098104529398	0.151	0.077
2	Rlf	3.2287328	1.595	0.00124340011311059	0.016659267772198845	0.133	0.059
9	Sort1	3.8272576	1.594	0.00012957885352460964	0.016548686279108046	0.214	0.084
9	Ptpn7	3.8263347	1.152	0.00013006540188387368	0.016548686279108046	0.288	0.167
3	Ifitm2	3.5117111	1.047	0.0004452318059125309	0.016304276489204468	0.211	0.135
3	Pomp	3.5140882	0.807	0.00044126644891699564	0.016227247829266142	0.265	0.195
9	Coro1a	3.8359802	0.631	0.0001250644413859713	0.016148135391102707	0.796	0.677
18	Rpsa	3.996959	1.744	6.416144584442625e-05	0.015977116607345628	1.0	0.718
1	Grk6	3.3922021	1.006	0.0006933326501326551	0.015675073183479004	0.177	0.105
2	Ier2	3.2520926	0.619	0.0011455870218282783	0.015588389834105166	0.313	0.273
2	Ifitm3	3.2543433	0.869	0.001136548877106532	0.015495937481341345	0.22	0.151
7	Smc6	3.849975	0.829	0.00011812985023940212	0.015482115936263297	0.352	0.272
9	Cfl1	3.852557	0.562	0.00011689081142023039	0.015205400999000269	0.78	0.683
18	Rab27b	4.0145373	8.997	5.9562484693270223e-05	0.01504686479258541	0.389	0.001
3	Adam15	3.5418203	1.936	0.0003973759919287625	0.014800557511346707	0.128	0.043
11	Tcerg1	3.7679718	1.333	0.00016457927320935706	0.014711699032370783	0.349	0.187
15	Cebpa	4.1256385	3.637	3.697078731734273e-05	0.014646313493831845	0.329	0.051
3	Rpl10	3.548529	0.658	0.00038738943831865326	0.014459497428977397	0.321	0.258
9	Tmed3	3.8688078	1.104	0.00010936883751392914	0.014442486414434082	0.304	0.181
2	Hcls1	3.2813764	0.773	0.0010330179731681073	0.014279568826560887	0.255	0.198
11	Cd93	3.777108	1.96	0.00015865991609239756	0.014255675244363825	0.253	0.081
18	Itgb1	4.033098	2.715	5.504621946070291e-05	0.014110450756169299	0.528	0.134
11	Hspd1	3.781274	1.159	0.0001560277291196037	0.014091810084372084	0.41	0.235
2	Zcchc6	3.286395	0.924	0.0010147860708292864	0.01407218456692545	0.226	0.168
3	Gltp	3.5588295	1.345	0.00037251126275915754	0.01393399961621218	0.164	0.078
3	Ptpn18	3.562316	0.974	0.0003675977740023893	0.01377977806158204	0.222	0.142
14	Fam105a	4.122549	2.914	3.7470262177603146e-05	0.013607169583704176	0.276	0.058
9	Gstm1	3.8862891	1.205	0.00010178824772613233	0.013544053023772616	0.278	0.149
9	Agps	3.8872302	1.132	0.00010139458734508886	0.013544053023772616	0.298	0.171
1	Fam49b	3.4382908	0.471	0.0005853988074496974	0.013479638854234711	0.413	0.349
2	Fpr1	3.3038824	3.985	0.0009535579761907418	0.013318484842132067	0.087	0.007
9	Id2	3.8996084	1.494	9.634841031402331e-05	0.013018985582819694	0.23	0.096
8	Cpne3	3.6747036	0.889	0.0002381256925957885	0.012890586793904316	0.343	0.259
11	Rbbp7	3.807221	1.492	0.00014053713495195143	0.0128826263420476	0.313	0.139
8	Tuba4a	3.676486	0.609	0.00023646879832279314	0.012840771412973856	0.432	0.392
18	Ybx3	4.0671697	2.233	4.758756112538823e-05	0.012380578775770779	0.639	0.222
12	Tpd52	3.994489	2.102	6.48339138983379e-05	0.012283912534368781	0.269	0.087
9	Mki67	3.9176326	0.758	8.942282359275922e-05	0.012273458567286503	0.709	0.547
13	Tnfrsf13b	3.6534486	2.055	0.00025874172426893226	0.012091493286144124	0.252	0.079
1	Olfm4	3.4726293	1.624	0.0005153865144001969	0.01202637527779094	0.124	0.048
9	Arsb	3.9299204	1.379	8.497399853117214e-05	0.011755410860292552	0.252	0.125
1	Npepps	3.4860833	0.875	0.0004901484788334394	0.011555864548932185	0.216	0.147
12	Snx5	4.01381	1.901	5.974645688565986e-05	0.01153012785102737	0.3	0.137
1	Nusap1	3.4879174	0.874	0.00048679860942959965	0.011529057827401292	0.211	0.14
18	Rps3a1	4.0873337	1.916	4.3635959221419354e-05	0.01152452129073577	0.889	0.504
18	Ybx1	4.096588	1.967	4.192839050329665e-05	0.01141959023223381	0.861	0.447
11	Smarcc1	3.840428	1.457	0.00012281992370393247	0.011387628138740676	0.331	0.164
11	Ndufa4	3.8415732	1.201	0.00012224826329188858	0.011387628138740676	0.398	0.236
1	Tpm3	3.4919996	0.417	0.00047941895154472123	0.011385220360185336	0.481	0.427
2	Map4k2	3.355362	1.398	0.0007926120697159648	0.011287598845767143	0.153	0.078
9	Tfdp1	3.9456465	1.037	7.958498128300483e-05	0.011278421209301278	0.327	0.198
12	Ptms	4.0230117	2.7	5.7458674679289214e-05	0.011253507397018992	0.238	0.056
15	Plac8	4.191764	1.852	2.767938601804793e-05	0.011220450643734732	0.5	0.259
1	Pbx1	3.5015724	1.463	0.0004625214480353103	0.011044125151648623	0.131	0.053
13	Srpr	3.68582	1.815	0.0002279673801880637	0.01085710219688016	0.272	0.095
9	Actb	3.9588208	0.383	7.532071161697593e-05	0.010761601017995963	0.987	0.967
9	Cebpd	3.9599247	1.172	7.497338939597442e-05	0.010761601017995963	0.288	0.148
11	Tax1bp1	3.8576043	0.946	0.00011450385685945764	0.010730735101705408	0.56	0.379
9	Ppp3ca	3.9661682	1.005	7.303735972216244e-05	0.010609285144308447	0.34	0.204
18	Eif2s2	4.1231112	2.197	3.737892462762947e-05	0.01034209579657475	0.667	0.254
9	Tpm3	3.9760852	0.74	7.005906163417986e-05	0.01026218070038142	0.56	0.428
12	Cd47	4.05389	1.072	5.0372852456124805e-05	0.009977831717758085	0.469	0.357
11	Hint1	3.877314	1.087	0.00010561597099587038	0.009951308056373063	0.464	0.297
13	Selenos	3.7120948	1.627	0.00020555090521883233	0.009925090938696583	0.298	0.12
1	Ero1l	3.5339348	1.149	0.00040942192493671965	0.009884534035418228	0.168	0.095
13	Dennd5b	3.7146714	4.8	0.00020346797112935936	0.009851806124321842	0.185	0.009
7	Cox4i1	3.9655685	0.445	7.3221201246936e-05	0.009769293828557806	0.714	0.658
2	Pilrb2	3.3987055	2.094	0.00067705555963724	0.009737421996729976	0.116	0.036
1	Pdzd8	3.5427148	0.959	0.00039603076178793787	0.00961450168346176	0.198	0.126
13	Nek7	3.7229874	2.251	0.0001968793186461856	0.00958604302603816	0.238	0.059
1	Calm2	3.5481815	0.461	0.0003879007847947279	0.009430686697101735	0.431	0.376
2	Hcst	3.419983	1.522	0.0006262507082818104	0.009127237538511905	0.146	0.068
18	Nedd4	4.1568723	2.642	3.226341059066595e-05	0.00907070177428868	0.556	0.154
15	Angpt1	4.2551746	4.628	2.088858557977002e-05	0.008669260362880267	0.314	0.018
11	Wdr43	3.9125922	1.813	9.131070064147845e-05	0.00865020012435658	0.283	0.113
18	Tcerg1	4.171814	2.393	3.0218402986604625e-05	0.008635032499336151	0.611	0.189
12	Tyrobp	4.094293	1.42	4.2345853052730236e-05	0.008582913541420241	0.388	0.224
7	S100a10	4.004218	1.855	6.222294808184261e-05	0.00852803356173589	0.185	0.069
7	Tpm4	4.0027013	1.505	6.262338912868991e-05	0.00852803356173589	0.218	0.104
11	Lmo2	3.920023	1.851	8.854056250612239e-05	0.008433609535760762	0.289	0.122
15	Slc18a2	4.277601	7.289	1.8891834242077365e-05	0.008031794211552453	0.3	0.003
1	Hist1h1e	3.5995712	0.825	0.00031874238128248964	0.007937140640192967	0.235	0.164
7	Usp25	4.025778	1.166	5.678727551253645e-05	0.007918871995672183	0.271	0.165
13	Mef2c	3.7812767	1.947	0.00015602613479928664	0.00786038021874672	0.265	0.083
2	Il18rap	3.466004	1.683	0.0005282554223273279	0.0078034070055827565	0.138	0.059
11	Rps15a	3.9516952	1.143	7.759956809178312e-05	0.007432077315427865	0.44	0.266
18	Srsf7	4.2110043	2.145	2.5423812544112462e-05	0.0073860412742737394	0.694	0.281
9	Cited2	4.0607414	1.169	4.891709368197478e-05	0.007268176881185743	0.304	0.169
13	Jun	3.8045413	1.073	0.00014206715741124347	0.0072408556164777335	0.523	0.326
18	Atpif1	4.219742	2.258	2.44582380536739e-05	0.0072259584324337245	0.667	0.238
18	Nucks1	4.223309	1.975	2.4074126669374805e-05	0.0072259584324337245	0.861	0.473
1	Gmip	3.6314013	1.069	0.00028188647905969417	0.007130255274828418	0.178	0.1
17	Gimap4	4.5882807	7.441	4.469114888735892e-06	0.007081921965959576	0.425	0.006
2	Glipr2	3.495262	1.193	0.0004735967423771875	0.007067863712651332	0.178	0.102
18	Cd9	4.2337527	2.815	2.2982348757386087e-05	0.007028163529649068	0.556	0.147
2	Cmtm6	3.5002158	1.179	0.00046488155053288875	0.006949700092057276	0.187	0.113
2	Dok3	3.5035272	1.005	0.00045913993535361597	0.006883243206186122	0.215	0.149
18	C1galt1	4.243628	3.268	2.1993491695957002e-05	0.006845867031289759	0.5	0.088
2	Slc27a4	3.509503	2.177	0.00044894523565342296	0.006757827636161326	0.118	0.035
18	Hsp90ab1	4.2560363	1.988	2.0808291002416013e-05	0.0065947149175111545	0.972	0.631
18	Rpl9	4.260431	1.964	2.0403308578873704e-05	0.00658611244145088	0.889	0.5
11	Gm4759	3.9946475	3.916	6.479057032068087e-05	0.006309298498658035	0.199	0.017
9	Rasgrp2	4.10345	1.047	4.070347388843317e-05	0.006223703976748057	0.346	0.21
12	Rpgrip1	4.176785	5.606	2.956581985703273e-05	0.006209178384673946	0.2	0.008
7	Rps12	4.0871816	0.62	4.3664575328178166e-05	0.006138042036657045	0.547	0.464
11	Satb1	4.0069265	2.027	6.151396943761546e-05	0.006023876411612781	0.265	0.08
9	Rpsa	4.1152487	0.905	3.867618359382248e-05	0.0060193263948564255	0.9	0.71
2	Nadk	3.5435724	1.083	0.0003947448560119303	0.0060041863744711675	0.207	0.136
7	Rpl41	4.094201	0.582	4.236262924125328e-05	0.0060034389455633	0.666	0.566
11	Cd47	4.013748	1.032	5.976207072851522e-05	0.005888421858463416	0.536	0.355
11	Adgrl4	4.0136266	4.749	5.9792936087890815e-05	0.005888421858463416	0.193	0.011
9	Cd9	4.122922	1.238	3.7409654946473974e-05	0.005874663922270161	0.288	0.142
15	Casp3	4.35388	2.856	1.3374912393034642e-05	0.005828452448074671	0.386	0.095
11	Park7	4.022763	1.413	5.751943870222955e-05	0.005729264777248932	0.361	0.193
7	Ctsc	4.108483	2.057	3.9826654626073856e-05	0.005690314891697487	0.18	0.06
7	Capza2	4.11071	0.826	3.944444083980067e-05	0.005682281390731946	0.382	0.3
18	Etfb	4.3057218	2.994	1.6644219306086395e-05	0.005495841897847809	0.528	0.109
18	Vwf	4.304843	9.278	1.6710436612124023e-05	0.005495841897847809	0.417	0.001
9	Megf9	4.1450906	1.359	3.3967968481900554e-05	0.005432070262458794	0.269	0.128
9	Irf2bp2	4.1463933	0.905	3.37753379210879e-05	0.005432070262458794	0.417	0.281
7	Hspa8	4.124169	0.62	3.720761036962971e-05	0.005404715469608462	0.506	0.436
18	Rpl27	4.32542	2.198	1.5224145998759522e-05	0.00520337429224269	0.722	0.291
8	Wfdc21	3.9305167	0.916	8.476351393206679e-05	0.0051302528171870004	0.369	0.264
7	Ccdc88a	4.13979	1.361	3.476240654249767e-05	0.0050919622558174525	0.246	0.132
2	Dstn	3.594625	0.675	0.0003248590676685226	0.00501560532199293	0.307	0.252
2	Baz2b	3.5987124	0.928	0.0003197966332820074	0.004946206845375928	0.241	0.177
12	Tsc22d1	4.2318954	3.629	2.317301204258276e-05	0.004925960645295855	0.225	0.034
15	Mns1	4.4030833	3.481	1.0672309963091075e-05	0.004895500920174751	0.357	0.061
14	Rgs2	4.366769	1.947	1.2609805108392573e-05	0.004884478063208688	0.388	0.175
11	Banf1	4.066641	1.071	4.7695646251755794e-05	0.004793063387974081	0.5	0.33
11	Rps28	4.06591	1.249	4.7845392089236994e-05	0.004793063387974081	0.41	0.244
11	Rps3a2	4.066032	1.696	4.782040353387439e-05	0.004793063387974081	0.307	0.126
8	Gm42418	3.953894	0.244	7.68895031092028e-05	0.004719228622170824	0.934	0.94
15	Ccl3	4.41941	4.063	9.897059188903286e-06	0.0046625848303181935	0.343	0.042
18	Set	4.3593364	2.114	1.3045742491063696e-05	0.004640823211463904	0.778	0.377
11	Rpl23a	4.081015	1.097	4.4839412950235187e-05	0.004597622394914997	0.47	0.3
12	Spib	4.254515	4.276	2.095025802341053e-05	0.004564799345075862	0.212	0.017
2	Phf20l1	3.6228871	0.758	0.0002913330768768876	0.004538183076891	0.293	0.242
15	Ctsg	4.442915	2.437	8.874822197403817e-06	0.004419915020655599	0.443	0.154
2	Gadd45g	3.633558	1.922	0.00027953954041041724	0.004377945848062878	0.132	0.046
2	Slc40a1	3.639715	1.593	0.000272940100891191	0.0043094374081832885	0.156	0.076
14	Iqgap1	4.4052672	1.29	1.0565353973212588e-05	0.004282899653652758	0.56	0.37
8	Arrb2	3.9826527	0.946	6.815028868897663e-05	0.004257805312320974	0.34	0.249
8	Gsr	3.9986947	0.572	6.369278823486444e-05	0.004066772863450263	0.513	0.471
9	Ero1l	4.21878	1.603	2.456275302277091e-05	0.0040014331583170075	0.239	0.097
9	Gpc1	4.2188163	1.784	2.4558810928195424e-05	0.0040014331583170075	0.22	0.078
2	Ncf4	3.6702015	1.041	0.0002423592652899281	0.00386864867515452	0.215	0.14
13	Selenok	3.9876997	1.543	6.671701945595926e-05	0.003727385788900083	0.344	0.154
9	Arfgef1	4.239845	1.057	2.236743480876393e-05	0.0037132072014434674	0.356	0.218
18	Rpl4	4.4142437	1.923	1.0136373183771929e-05	0.0036809816867985103	0.861	0.52
9	Chd7	4.246595	1.891	2.1704386387836946e-05	0.003673098632295008	0.214	0.07
18	Mfsd2b	4.441335	5.661	8.940231948585112e-06	0.003387764849908415	0.444	0.017
17	AW112010	4.7622695	5.971	1.914277841526047e-06	0.0033367777055640525	0.45	0.021
8	Lta4h	4.0541387	0.851	5.031939314435975e-05	0.0033350469273738964	0.38	0.306
15	Btnl9	4.5123878	5.191	6.410182400787148e-06	0.0032863496890623758	0.329	0.019
18	Rpl22l1	4.4546742	2.394	8.402058725343566e-06	0.00325458412536586	0.667	0.228
15	Gng12	4.526297	2.863	6.002611380758619e-06	0.003201468763227073	0.4	0.098
7	Clta	4.2508163	0.9	2.1299266898317328e-05	0.0031741414340487857	0.359	0.268
17	Nkg7	4.8193827	3.31	1.4400316474184249e-06	0.0030452430126347058	0.55	0.147
12	Trim30a	4.3749294	2.264	1.2147168301097546e-05	0.002786016982321465	0.288	0.093
13	Manf	4.069356	1.666	4.714331605468706e-05	0.002729695704695631	0.331	0.141
9	Ffar2	4.316774	1.816	1.5832611705691807e-05	0.002705669163156018	0.223	0.076
9	Cyba	4.3245554	0.83	1.5283966261162465e-05	0.002637770454438841	0.621	0.456
7	Grn	4.3042316	1.064	1.675661159292424e-05	0.00258481855465719	0.322	0.212
12	H2-Ab1	4.3983927	2.723	1.0905565107428918e-05	0.002534598738501246	0.262	0.063
12	Tfrc	4.408611	2.033	1.0403572709668423e-05	0.002450603728408517	0.312	0.126
17	Il2rb	4.897398	9.487	9.71140688456454e-07	0.002418279048640636	0.45	0.001
7	Hnrnpd	4.328067	0.652	1.5042367939915304e-05	0.0023411028175059257	0.468	0.409
12	Ctsl	4.4250546	4.674	9.641781555775699e-06	0.002302272524640085	0.219	0.016
13	Pon3	4.1166506	4.829	3.844184867049932e-05	0.002273216901419336	0.205	0.009
9	Smc4	4.364079	0.757	1.2765954146302131e-05	0.002270646395144821	0.631	0.495
7	Zeb2	4.34556	1.372	1.3892067127558593e-05	0.002181555154058323	0.261	0.143
14	Apoe	4.5891137	4.264	4.451317341709017e-06	0.0018924612825202407	0.276	0.033
7	Tpm3	4.3911004	0.641	1.127784236773049e-05	0.001787127911926456	0.494	0.43
14	Npc2	4.6066656	1.754	4.091767966543377e-06	0.0017830901856204402	0.44	0.223
9	Tspan2	4.4189844	2.186	9.91658578521011e-06	0.0017820206888865713	0.204	0.055
8	Syne2	4.2208643	1.803	2.4336736245011184e-05	0.0017213861725300641	0.213	0.088
12	Unc93b1	4.492244	1.834	7.047665701114774e-06	0.001706220289390717	0.35	0.168
17	Rps27	5.0000935	2.558	5.730252035615086e-07	0.0016647337205467762	0.65	0.29
9	Anxa3	4.4504905	1.294	8.56743133038825e-06	0.001555613494999975	0.307	0.158
12	Ccr9	4.520791	6.686	6.1608944308570255e-06	0.0015125429693558987	0.212	0.003
7	Itgb7	4.437803	1.966	9.088190466111692e-06	0.0015030292735144116	0.197	0.066
7	Nucks1	4.4365764	0.63	9.140101141215514e-06	0.0015030292735144116	0.544	0.47
14	Marcks	4.657494	2.904	3.2008151803594066e-06	0.0014306002412524312	0.319	0.078
9	Pkm	4.4714828	0.859	7.767908143638433e-06	0.0014252884931764372	0.553	0.397
7	Jun	4.463381	0.851	8.067653632010053e-06	0.0013521852928804542	0.425	0.325
15	Cd200r3	4.72884	11.621	2.258065961003031e-06	0.0013120115922081277	0.329	0.0
9	Hexb	4.494574	1.28	6.970926359752471e-06	0.0012926618869877162	0.314	0.16
17	H2-D1	5.083457	1.741	3.706264948548901e-07	0.001292078086363118	0.825	0.605
9	Rrm2	4.52599	1.165	6.01133652254812e-06	0.001138952249179742	0.346	0.202
7	Pitpna	4.514601	1.151	6.343597849414884e-06	0.0010735461564383578	0.316	0.201
9	B4galt6	4.5644636	1.934	5.007725200235012e-06	0.0009592270106076537	0.23	0.077
9	1700020L24Rik	4.5688796	2.036	4.9033873488810445e-06	0.0009496771653149498	0.223	0.071
13	Lman1	4.3498073	1.929	1.3625711734575953e-05	0.0009205805474627653	0.318	0.115
15	Csgalnact2	4.8454337	2.233	1.263354836828384e-06	0.00075936338485364	0.514	0.197
7	Gpx1	4.597581	0.498	4.27424892051855e-06	0.0007376676528075134	0.757	0.695
13	Mgat1	4.416923	2.025	1.0011586712349283e-05	0.0006980478719318414	0.311	0.101
7	Actr3	4.6155095	0.463	3.9213181700299686e-06	0.0006835249702179238	0.668	0.634
7	Hsp90ab1	4.6208997	0.777	3.820796498998747e-06	0.0006727303411519915	0.762	0.624
7	Hnrnpa2b1	4.6472845	0.526	3.363330783142298e-06	0.0006043940090819938	0.871	0.796
14	Plbd1	4.8708167	2.225	1.1113802861609402e-06	0.0005249659694329527	0.397	0.143
13	Tspan13	4.495926	2.298	6.9267822051502256e-06	0.0004968754757941299	0.291	0.075
13	Spcs3	4.4969463	1.621	6.893636046813588e-06	0.0004965411980661473	0.384	0.172
16	Iglc2	5.1221223	4.763	3.0211568301926854e-07	0.0004388482058924058	0.41	0.029
13	Edem2	4.5779138	2.826	4.696365371139231e-06	0.0003498390802749057	0.272	0.057
14	H2-T23	4.9928975	2.256	5.948018338430571e-07	0.00032399971142869774	0.397	0.147
17	Tpt1	5.4038105	2.096	6.523991143095049e-08	0.00030817372146496955	0.85	0.553
17	Ptprc	5.4194627	2.576	5.97784843581257e-08	0.00030817372146496955	0.775	0.387
17	Ms4a4b	5.3893356	7.486	7.071854086741313e-08	0.00030817372146496955	0.5	0.009
7	Rpsa	4.7867293	0.739	1.695211609802201e-06	0.00030780451635898086	0.838	0.711
13	Gm5547	4.619775	5.809	3.841568722525635e-06	0.00029498847754336714	0.225	0.005
7	Myo1g	4.833948	1.574	1.338515957824921e-06	0.00024559654379838105	0.258	0.125
7	Lyz2	4.852603	1.026	1.21851463961695e-06	0.00022838632992648443	0.8	0.604
14	Fcer1g	5.067399	1.624	4.0328809959002514e-07	0.0002267649956114106	0.56	0.319
8	Syne1	4.7242126	1.181	2.3100878889044345e-06	0.00020336940399744038	0.349	0.225
13	Slamf7	4.7177567	3.901	2.3845927297957207e-06	0.00019154763075147102	0.245	0.019
7	Erp29	4.8923497	1.337	9.963912082230329e-07	0.00019085818846742512	0.301	0.18
14	Ahnak	5.1216507	2.082	3.0287234120603286e-07	0.00018854884927008424	0.457	0.18
13	Iglv1	4.726915	29.647	2.279569142960187e-06	0.0001839591191247177	0.225	0.0
13	Man1a	4.7397203	2.995	2.1401319565843896e-06	0.00017350995411731393	0.272	0.047
14	Fos	5.1686788	1.749	2.357548765491812e-07	0.0001580555097357222	0.534	0.291
12	Selplg	5.003615	2.012	5.626506022511496e-07	0.00015324316637249668	0.362	0.152
7	Npc2	4.9893365	1.193	6.058695853443857e-07	0.00012148109321398343	0.347	0.218
14	Tmsb4x	5.22557	1.019	1.7361904705384615e-07	0.00012105414436782368	1.0	0.921
7	Selplg	4.9990354	1.446	5.761782204372716e-07	0.00011815720659343626	0.286	0.148
15	Myl12b	5.2297287	2.222	1.6975916789617076e-07	0.00011381046367685202	0.557	0.239
7	Emilin2	5.010122	1.949	5.439556120109193e-07	0.0001128772651543135	0.228	0.081
15	Lmo4	5.246948	2.347	1.5463957231866308e-07	0.00011231343271194235	0.543	0.226
7	Tuba1b	5.016093	0.683	5.273285639449684e-07	0.00011074535178463545	0.6	0.509
7	Fam49b	5.025598	0.863	5.018665416938682e-07	0.00010800044059587427	0.451	0.352
12	Lair1	5.0791626	3.649	3.791024150970692e-07	0.00010658280963801634	0.269	0.041
12	Kmo	5.084247	5.456	3.690875488335911e-07	0.00010546827973308732	0.244	0.009
13	Pou2af1	4.849182	3.302	1.2397170325035688e-06	0.00010541223216375468	0.265	0.031
13	Hspa5	4.8602786	1.267	1.1722070909062442e-06	0.00010165543184869027	0.642	0.407
7	Top2a	5.048739	0.735	4.4473546647799294e-07	9.690229895222368e-05	0.635	0.54
13	Ssr4	4.898211	2.632	9.67130529297929e-07	8.55738693207726e-05	0.298	0.068
13	Dnajc3	4.8999715	1.866	9.585062828849692e-07	8.524348478044846e-05	0.371	0.138
12	Fyn	5.1498733	4.421	2.606622609069672e-07	7.833799775636802e-05	0.256	0.02
12	Lsp1	5.1568675	1.736	2.5111513421769527e-07	7.810493399012576e-05	0.425	0.214
7	Hnrnpu	5.139352	0.622	2.75688001438907e-07	6.16091993984819e-05	0.684	0.598
7	Mki67	5.1498413	0.777	2.6070722499113046e-07	5.901802128338176e-05	0.678	0.547
13	Chst1	4.9813976	8.174	6.312663496574136e-07	5.7610490789939145e-05	0.238	0.001
7	Lgals1	5.178679	1.676	2.2346263665939056e-07	5.263752999472752e-05	0.266	0.118
16	H2-K1	5.54325	1.838	2.9690818354091674e-08	5.17540654730172e-05	0.721	0.484
15	Hsp90b1	5.4047494	1.708	6.489903248942964e-08	4.918500153579339e-05	0.757	0.503
14	Tmsb10	5.397348	2.052	6.763308522526489e-08	4.9121346190066346e-05	0.474	0.235
15	Nucb1	5.419328	3.093	5.982334873505131e-08	4.739912690003088e-05	0.471	0.121
13	Mtdh	5.0484366	1.354	4.454398125945182e-07	4.174441598567229e-05	0.55	0.319
12	Ahnak	5.28197	1.887	1.278022486741783e-07	4.1254092530363e-05	0.419	0.179
7	Tspo	5.229706	0.859	1.697798242786231e-07	4.054016598631067e-05	0.481	0.384
13	Cmah	5.0704517	3.833	3.968730394698431e-07	3.7597249733689314e-05	0.265	0.021
12	Slc44a2	5.3116827	2.622	1.086175232524912e-07	3.572286882668253e-05	0.325	0.096
13	Eaf2	5.1037416	7.415	3.3300319520854234e-07	3.206949555624366e-05	0.245	0.002
13	Selenow	5.1384087	2.198	2.770744967643783e-07	2.7377169752846703e-05	0.351	0.106
13	Serinc3	5.142822	1.249	2.7064198933829883e-07	2.6957488663747924e-05	0.728	0.474
7	Actr2	5.309426	0.843	1.0997123292190107e-07	2.6623730014745244e-05	0.494	0.4
13	H2-T23	5.1553473	1.894	2.531614099426721e-07	2.53612444638547e-05	0.397	0.146
12	Bcl11a	5.3879495	2.903	7.126606422455428e-08	2.435762285290599e-05	0.312	0.076
12	H2-T23	5.3944974	2.216	6.871566592816409e-08	2.3955655455876563e-05	0.369	0.146
8	Ncf1	5.2159233	0.937	1.8290375579436446e-07	1.9802455697214702e-05	0.464	0.365
7	Lmnb1	5.373782	1.02	7.710192900018807e-08	1.892906654087716e-05	0.425	0.31
7	Prkcd	5.374718	1.118	7.670250208401667e-08	1.892906654087716e-05	0.4	0.264
16	Ly6d	5.740379	4.899	9.446495533204533e-09	1.829576262658758e-05	0.459	0.036
14	Ms4a6c	5.5825872	2.295	2.369667084106403e-08	1.795898562741683e-05	0.457	0.169
8	Top2a	5.2445793	0.756	1.5663924095344612e-07	1.7280877272528605e-05	0.617	0.542
14	Lsp1	5.6357656	2.131	1.7428241615493884e-08	1.3808712709076086e-05	0.491	0.215
8	Smc4	5.319167	0.703	1.0424326663817274e-07	1.2033538945496616e-05	0.559	0.499
13	Iglc1	5.3531227	5.727	8.644926332179324e-08	9.077693427482999e-06	0.265	0.01
14	H2-DMa	5.7286315	3.143	1.0124397199121534e-08	8.403731789423211e-06	0.379	0.083
15	Tax1bp1	5.7463493	1.994	9.119092981523193e-09	8.366047882154251e-06	0.671	0.381
15	Ly6e	5.813144	2.109	6.131020127615054e-09	5.9372117691365564e-06	0.7	0.395
13	Prg2	5.437508	5.824	5.403091274749541e-08	5.9233511956075e-06	0.265	0.006
8	1810037I17Rik	5.4540834	1.001	4.9226052638447177e-08	5.797698132032248e-06	0.45	0.367
8	C3	5.6130114	1.221	1.9883567449662103e-08	2.4407779170074656e-06	0.401	0.277
8	Lyz2	5.639079	1.146	1.709618041032682e-08	2.1439102210964517e-06	0.793	0.606
8	Fcnb	5.6408787	1.472	1.6918436453325846e-08	2.1369946798400207e-06	0.349	0.189
13	Ly6e	5.6566095	1.47	1.5439263572789978e-08	1.8183905630898789e-06	0.675	0.391
12	Ctss	5.863085	2.198	4.5434623274826696e-09	1.6850445070287324e-06	0.419	0.164
8	Cyba	5.6889873	0.828	1.2779493428279758e-08	1.6379363966790033e-06	0.545	0.46
13	Spcs1	5.688598	2.298	1.2808638608442708e-08	1.5397750316121715e-06	0.384	0.115
8	Tkt	5.7846904	0.618	7.2646100748329445e-09	9.666367802626952e-07	0.643	0.606
14	Ly6e	6.1439037	1.756	8.051763814416333e-10	7.797238613838394e-07	0.672	0.393
12	Pld4	5.995206	2.828	2.0322778098328982e-09	7.701007500695054e-07	0.356	0.091
15	Pdia3	6.168728	2.197	6.884167890244901e-10	7.499870655928679e-07	0.7	0.375
12	Tspan13	6.0172796	3.183	1.7737231252157338e-09	6.870615065696767e-07	0.338	0.073
8	Adpgk	5.8788333	1.311	4.1316805918200855e-09	5.761545951681273e-07	0.412	0.26
8	Serpinb1a	5.8987656	1.149	3.6623078880929788e-09	5.232597442405632e-07	0.452	0.32
8	Hmgn2	5.968263	1.214	2.3979206751664603e-09	3.5124500242711403e-07	0.429	0.31
16	Cd79b	6.4004335	5.006	1.5493622144659936e-10	3.3758665950445915e-07	0.508	0.044
12	H2-Aa	6.1848187	3.933	6.21739598337496e-10	2.5803673663383075e-07	0.325	0.043
14	Vim	6.352497	1.645	2.1184727663356583e-10	2.3079436743748037e-07	0.707	0.483
13	Tmem176b	6.078409	3.747	1.2138059527643672e-09	1.6659725639870619e-07	0.325	0.033
12	Atp1b1	6.2819686	3.982	3.343123466041266e-10	1.4213167106479343e-07	0.325	0.042
13	Sel1l	6.107643	2.891	1.0111306135601753e-09	1.4100014179973933e-07	0.364	0.076
15	Nedd4	6.621194	3.258	3.5630957522861434e-11	4.4363087184356975e-08	0.571	0.151
12	H2-K1	6.490307	1.43	8.566171585969006e-11	3.828639408077583e-08	0.662	0.481
13	Spcs2	6.418247	1.949	1.3785229411235973e-10	2.126463131568622e-08	0.51	0.219
14	H2-DMb1	6.7483897	4.431	1.494951096215419e-11	2.004499427548536e-08	0.397	0.037
13	Ell2	6.4833984	4.491	8.967920869441541e-11	1.4341268685801422e-08	0.331	0.024
13	Rexo2	6.5376062	2.541	6.251123411483584e-11	1.0377460208149559e-08	0.424	0.122
17	H2-K1	7.2298098	2.872	4.836706414266402e-13	8.430862950707764e-09	0.9	0.484
14	Laptm5	6.894289	1.762	5.4134893679571026e-12	7.863544431071689e-09	0.69	0.445
16	Malat1	7.0042	1.161	2.48400839144505e-12	6.18553575303981e-09	0.984	0.965
13	Ly6d	6.622987	3.969	3.5201287726996205e-11	6.105675467177497e-09	0.351	0.032
12	H2afy	6.777739	1.596	1.2207091169147516e-11	5.910605726928065e-09	0.638	0.417
12	Lgals1	6.8056417	2.704	1.0059981671649208e-11	5.010158300529067e-09	0.419	0.12
12	Cd74	6.9582744	3.502	3.444661596853382e-12	1.8195120089318577e-09	0.394	0.082
15	Srgn	7.1452527	3.134	8.983055739215567e-13	1.4234876780933324e-09	0.657	0.218
8	Rflnb	6.8712015	1.563	6.3663337591936235e-12	1.3055478089000478e-09	0.418	0.236
14	Crip1	7.2381053	2.559	4.549955398118338e-13	7.210024776781887e-10	0.586	0.249
16	Igkc	7.3371534	3.924	2.1818447890729876e-13	6.338622753055208e-10	0.656	0.147
15	Calr	7.3284183	2.933	2.3288467119535863e-13	4.059412703606296e-10	0.686	0.277
12	Sell	7.19764	2.369	6.126362725657057e-13	3.682366505894074e-10	0.481	0.194
16	H2-Ab1	7.494036	5.082	6.678721717293096e-14	2.3283359650827193e-10	0.607	0.063
12	Serinc3	7.2881184	1.504	3.1431383653806286e-13	1.9567158873910621e-10	0.669	0.475
12	Kctd12	7.291888	2.433	3.056405913087954e-13	1.9567158873910621e-10	0.488	0.184
12	H2-D1	7.3120522	1.394	2.6309239395958357e-13	1.7831490334111062e-10	0.775	0.602
12	Cyth4	7.3766127	3.215	1.6236770255067592e-13	1.2305354013742746e-10	0.419	0.092
12	Laptm5	7.3924613	1.63	1.4413569717536857e-13	1.1420133352108407e-10	0.7	0.443
14	H2-D1	7.497701	1.593	6.494667807410864e-14	1.1320855455097877e-10	0.802	0.603
15	Itga2b	7.5990205	6.36	2.983808447671198e-14	6.50134563141958e-11	0.543	0.014
15	Fcer1a	7.807625	10.921	5.82757367118816e-15	1.4511490951782975e-11	0.543	0.001
14	Ccr2	7.8282595	2.957	4.946698825328796e-15	9.58065635825625e-12	0.595	0.184
12	Fth1	7.863479	2.11	3.7360860361893185e-15	3.4275639840429483e-12	0.594	0.314
8	Ckap4	7.775802	1.354	7.497070513714588e-15	1.9217858253611617e-12	0.53	0.368
8	Prdx5	7.777636	1.111	7.389221933582697e-15	1.9217858253611617e-12	0.651	0.517
12	Rnase6	8.005347	4.703	1.1912972201815737e-15	1.1536389913880562e-12	0.4	0.033
12	Ccnd1	8.028042	6.234	9.904094214324126e-16	1.0155192132346107e-12	0.381	0.013
16	H2-Aa	8.273913	5.741	1.2963284690489177e-16	5.649075385997921e-13	0.656	0.044
8	Pglyrp1	8.134088	1.488	4.150509217079009e-16	1.1483734311572097e-13	0.573	0.369
8	Cd177	8.198804	1.686	2.4279048635139314e-16	6.937837651788744e-14	0.519	0.289
16	Ms4a1	8.554837	8.872	1.1803511209507434e-17	6.858233463097469e-14	0.639	0.006
8	Mki67	8.22482	1.134	1.9548324015169468e-16	5.775370100142694e-14	0.686	0.548
12	Ly6d	8.414856	5.183	3.933770796644978e-17	4.285597422269913e-14	0.412	0.029
14	Ctss	8.543656	3.295	1.300399332359527e-17	2.8334075952948643e-14	0.595	0.162
14	Mpeg1	8.617955	3.103	6.8160181548204895e-18	1.697285892238228e-14	0.629	0.201
16	Ighm	9.516039	4.238	1.7990624094235808e-21	1.5679728429331218e-17	0.852	0.318
15	Cd63	9.654717	3.737	4.694516432659094e-22	1.363835265628011e-18	0.829	0.265
14	Cst3	9.705281	3.155	2.8628515373494705e-22	8.317060857923104e-19	0.69	0.284
14	H2-Eb1	9.775925	6.766	1.4284688423725494e-22	4.979928078279181e-19	0.543	0.019
8	Cybb	9.798364	1.529	1.144237288004076e-22	5.698628619199728e-20	0.741	0.534
8	Anxa1	10.033507	1.692	1.085887851703187e-23	5.735791255466137e-21	0.744	0.496
15	Ms4a2	10.2546835	9.801	1.1274513613518291e-24	3.9305209359447464e-21	0.714	0.004
16	Cd74	10.438269	6.325	1.6580736531105773e-25	2.8901881847370472e-21	0.836	0.083
8	Arhgdib	10.13586	1.188	3.829866347248857e-24	2.1534967838353173e-21	0.775	0.648
15	Cpa3	10.874844	10.123	1.519160718884898e-27	6.620122622720664e-24	0.757	0.005
14	Psap	10.992556	3.273	4.150069420236111e-28	1.8084965016033912e-24	0.853	0.352
15	Gata2	11.416419	8.546	3.46205359069538e-30	2.0115685379803724e-26	0.8	0.014
8	Tmsb4x	11.425467	1.167	3.1197686743939716e-30	4.183129827950871e-27	0.997	0.918
8	Actb	11.839076	0.786	2.4513934917293017e-32	3.560853329527788e-29	0.988	0.967
15	Prss34	12.727366	12.383	4.166589464658968e-37	3.6313910479235235e-33	0.886	0.013
8	Hmgb2	12.637708	1.341	1.308124660779779e-36	2.5335467735613696e-33	0.867	0.735
14	H2-Aa	12.986929	7.21	1.4513442302776197e-38	8.432793759323063e-35	0.724	0.037
15	Mcpt8	13.337188	11.623	1.4066723474558242e-40	2.451970568850247e-36	0.929	0.02
14	H2-Ab1	13.384852	6.901	7.414453732941104e-41	6.462067150944819e-37	0.75	0.054
8	Lcn2	13.99832	2.755	1.5960091199846662e-44	3.974290710064674e-41	0.813	0.405
14	Cd74	14.411544	6.992	4.3781173959269894e-47	7.631496432840335e-43	0.819	0.076
8	S100a8	16.496515	3.422	3.886829423387015e-61	1.1291887279843177e-57	0.997	0.703
8	Chil3	17.595076	3.318	2.6869651102529164e-69	9.367297767363717e-66	0.844	0.363
8	Ltf	18.443392	4.001	5.892519963606985e-76	2.567812887140834e-72	0.963	0.515
8	S100a9	18.734478	3.416	2.5917427812216366e-78	1.5058889473158117e-74	1.0	0.764
8	Ngp	19.647219	4.347	6.106846970439645e-86	5.322422477086673e-82	0.994	0.6
8	Camp	22.123684	4.844	1.87017223979237e-108	3.25989723118208e-104	0.997	0.701
